symbol,trade_date,close_price,ma_7,ma_30
AXISBANK,2025-09-30,1132.00,1132.00,1132.00
AXISBANK,2025-10-01,1160.00,1146.00,1146.00
AXISBANK,2025-10-03,1181.00,1157.67,1157.67
AXISBANK,2025-10-06,1213.00,1171.50,1171.50
AXISBANK,2025-10-07,1187.00,1174.60,1174.60
AXISBANK,2025-10-08,1181.00,1175.67,1175.67
AXISBANK,2025-10-09,1167.00,1174.43,1174.43
AXISBANK,2025-10-10,1180.00,1181.29,1175.13
AXISBANK,2025-10-13,1190.00,1185.57,1176.78
AXISBANK,2025-10-14,1177.00,1185.00,1176.80
AXISBANK,2025-10-15,1170.00,1178.86,1176.18
AXISBANK,2025-10-16,1196.00,1180.14,1177.83
AXISBANK,2025-10-17,1200.00,1182.86,1179.54
AXISBANK,2025-10-20,1226.00,1191.29,1182.86
AXISBANK,2025-10-21,1237.00,1199.43,1186.47
AXISBANK,2025-10-23,1259.00,1209.29,1191.00
AXISBANK,2025-10-24,1242.00,1218.57,1194.00
AXISBANK,2025-10-27,1254.00,1230.57,1197.33
AXISBANK,2025-10-28,1246.00,1237.71,1199.89
AXISBANK,2025-10-29,1249.00,1244.71,1202.35
AXISBANK,2025-10-30,1239.00,1246.57,1204.10
AXISBANK,2025-10-31,1233.00,1246.00,1205.41
AXISBANK,2025-11-03,1234.00,1242.43,1206.65
AXISBANK,2025-11-04,1227.00,1240.29,1207.50
AXISBANK,2025-11-06,1229.00,1236.71,1208.36
AXISBANK,2025-11-07,1223.00,1233.43,1208.92
AXISBANK,2025-11-10,1217.00,1228.86,1209.22
AXISBANK,2025-11-11,1223.00,1226.57,1209.71
AXISBANK,2025-11-12,1222.00,1225.00,1210.14
AXISBANK,2025-11-13,1225.00,1223.71,1210.63
AXISBANK,2025-11-14,1242.00,1225.86,1214.30
AXISBANK,2025-11-17,1250.00,1228.86,1217.30
AXISBANK,2025-11-18,1265.00,1234.86,1220.10
AXISBANK,2025-11-19,1270.00,1242.43,1222.00
AXISBANK,2025-11-20,1285.00,1251.29,1225.27
AXISBANK,2025-11-21,1276.00,1259.00,1228.43
AXISBANK,2025-11-24,1269.00,1265.29,1231.83
AXISBANK,2025-11-25,1266.00,1268.71,1234.70
AXISBANK,2025-11-26,1290.00,1274.43,1238.03
AXISBANK,2025-11-27,1287.00,1277.57,1241.70
AXISBANK,2025-11-28,1280.00,1279.00,1245.37
AXISBANK,2025-12-01,1276.00,1277.71,1248.03
AXISBANK,2025-12-02,1258.00,1275.14,1249.97
AXISBANK,2025-12-03,1271.00,1275.43,1251.47
AXISBANK,2025-12-04,1280.00,1277.43,1252.90
AXISBANK,2025-12-05,1283.00,1276.43,1253.70
AXISBANK,2025-12-08,1274.00,1274.57,1254.77
AXISBANK,2025-12-09,1276.00,1274.00,1255.50
AXISBANK,2025-12-10,1279.00,1274.43,1256.60
AXISBANK,2025-12-11,1273.00,1276.57,1257.40
AXISBANK,2025-12-12,1286.00,1278.71,1258.97
AXISBANK,2025-12-15,1285.00,1279.43,1260.70
AXISBANK,2025-12-16,1220.00,1270.43,1260.23
AXISBANK,2025-12-17,1225.00,1263.43,1260.17
AXISBANK,2025-12-18,1230.00,1256.86,1260.20
AXISBANK,2025-12-19,1231.00,1250.00,1260.47
AXISBANK,2025-12-22,1233.00,1244.29,1261.00
AXISBANK,2025-12-23,1225.00,1235.57,1261.07
AXISBANK,2025-12-24,1226.00,1227.14,1261.20
AXISBANK,2025-12-26,1228.00,1228.29,1261.30
AXISBANK,2025-12-29,1232.00,1229.29,1260.97
AXISBANK,2025-12-30,1246.00,1231.57,1260.83
AXISBANK,2025-12-31,1269.00,1237.00,1260.97
AXISBANK,2026-01-01,1274.00,1242.86,1261.10
AXISBANK,2026-01-02,1267.00,1248.86,1260.50
AXISBANK,2026-01-05,1286.00,1257.43,1260.83
AXISBANK,2026-01-06,1294.00,1266.86,1261.67
AXISBANK,2026-01-07,1296.00,1276.00,1262.67
AXISBANK,2026-01-08,1287.00,1281.86,1262.57
AXISBANK,2026-01-09,1272.00,1282.29,1262.07
AXISBANK,2026-01-12,1274.00,1282.29,1261.87
AXISBANK,2026-01-13,1262.00,1281.57,1261.40
AXISBANK,2026-01-14,1299.00,1283.43,1262.77
AXISBANK,2026-01-16,1294.00,1283.43,1263.53
AXISBANK,2026-01-19,1308.00,1285.14,1264.47
AXISBANK,2026-01-20,1294.00,1286.14,1264.83
AXISBANK,2026-01-21,1285.00,1288.00,1265.20
AXISBANK,2026-01-22,1295.00,1291.00,1265.83
AXISBANK,2026-01-23,1258.00,1290.43,1265.13
AXISBANK,2026-01-27,1316.00,1292.86,1266.57
AXISBANK,2026-01-28,1320.00,1296.57,1267.70
AXISBANK,2026-01-29,1364.00,1304.57,1270.33
AXISBANK,2026-01-30,1370.00,1315.43,1275.33
AXISBANK,2026-02-01,1340.00,1323.29,1279.17
AXISBANK,2026-02-02,1312.00,1325.71,1281.90
AXISBANK,2026-02-03,1356.00,1339.71,1286.07
AXISBANK,2026-02-04,1339.00,1343.00,1289.60
AXISBANK,2026-02-05,1331.00,1344.57,1293.13
AXISBANK,2026-02-06,1342.00,1341.43,1297.00
AXISBANK,2026-02-09,1341.00,1337.29,1300.77
AXISBANK,2026-02-10,1357.00,1339.71,1304.93
AXISBANK,2026-02-11,1347.00,1344.71,1308.30
AXISBANK,2026-02-12,1340.00,1342.43,1310.67
AXISBANK,2026-02-13,1332.00,1341.43,1312.60
AXISBANK,2026-02-16,1358.00,1345.29,1315.63
AXISBANK,2026-02-17,1357.00,1347.43,1318.00
AXISBANK,2026-02-18,1377.00,1352.57,1320.77
AXISBANK,2026-02-19,1357.00,1352.57,1322.80
AXISBANK,2026-02-20,1368.00,1355.57,1325.50
AXISBANK,2026-02-23,1387.00,1362.29,1329.33
AXISBANK,2026-02-24,1388.00,1370.29,1333.13
AXISBANK,2026-02-25,1403.00,1376.71,1337.83
AXISBANK,2026-02-26,1396.00,1382.29,1341.07
AXISBANK,2026-02-27,1384.00,1383.29,1344.07
AXISBANK,2026-03-02,1372.00,1385.43,1346.20
AXISBANK,2026-03-04,1351.00,1383.00,1348.10
AXISBANK,2026-03-05,1349.00,1377.57,1350.23
AXISBANK,2026-03-06,1316.00,1367.29,1350.93
AXISBANK,2026-03-09,1288.00,1350.86,1351.93
AXISBANK,2026-03-10,1315.00,1339.29,1351.90
AXISBANK,2026-03-11,1256.00,1321.00,1349.77
AXISBANK,2026-03-12,1235.00,1301.43,1345.47
AXISBANK,2026-03-13,1197.00,1279.43,1339.70
AXISBANK,2026-03-16,1215.00,1260.29,1335.53
AXISBANK,2026-03-17,1228.00,1247.71,1332.73
AXISBANK,2026-03-18,1253.00,1242.71,1329.30
AXISBANK,2026-03-19,1207.00,1227.29,1324.90
AXISBANK,2026-03-20,1204.00,1219.86,1320.67
AXISBANK,2026-03-23,1171.00,1210.71,1314.97
AXISBANK,2026-03-24,1193.00,1210.14,1310.03
AXISBANK,2026-03-25,1222.00,1211.14,1305.53
AXISBANK,2026-03-27,1205.00,1207.86,1300.80
AXISBANK,2026-03-30,1161.00,1194.71,1294.83
COALINDIA,2025-09-30,390.00,390.00,390.00
COALINDIA,2025-10-01,389.00,389.50,389.50
COALINDIA,2025-10-03,383.00,387.33,387.33
COALINDIA,2025-10-06,382.00,386.00,386.00
COALINDIA,2025-10-07,385.00,385.80,385.80
COALINDIA,2025-10-08,382.00,385.17,385.17
COALINDIA,2025-10-09,383.00,384.86,384.86
COALINDIA,2025-10-10,385.00,384.14,384.88
COALINDIA,2025-10-13,382.00,383.14,384.56
COALINDIA,2025-10-14,381.00,382.86,384.20
COALINDIA,2025-10-15,384.00,383.14,384.18
COALINDIA,2025-10-16,388.00,383.57,384.50
COALINDIA,2025-10-17,389.00,384.57,384.85
COALINDIA,2025-10-20,391.00,385.71,385.29
COALINDIA,2025-10-21,391.00,386.57,385.67
COALINDIA,2025-10-23,393.00,388.14,386.13
COALINDIA,2025-10-24,394.00,390.00,386.59
COALINDIA,2025-10-27,397.00,391.86,387.17
COALINDIA,2025-10-28,391.00,392.29,387.37
COALINDIA,2025-10-29,382.00,391.29,387.10
COALINDIA,2025-10-30,388.00,390.86,387.14
COALINDIA,2025-10-31,389.00,390.57,387.23
COALINDIA,2025-11-03,389.00,390.00,387.30
COALINDIA,2025-11-04,378.00,387.71,386.92
COALINDIA,2025-11-06,373.00,384.29,386.36
COALINDIA,2025-11-07,376.00,382.14,385.96
COALINDIA,2025-11-10,381.00,382.00,385.78
COALINDIA,2025-11-11,383.00,381.29,385.68
COALINDIA,2025-11-12,387.00,381.00,385.72
COALINDIA,2025-11-13,383.00,380.14,385.63
COALINDIA,2025-11-14,387.00,381.43,385.53
COALINDIA,2025-11-17,388.00,383.57,385.50
COALINDIA,2025-11-18,384.00,384.71,385.53
COALINDIA,2025-11-19,379.00,384.43,385.43
COALINDIA,2025-11-20,380.00,384.00,385.27
COALINDIA,2025-11-21,378.00,382.71,385.13
COALINDIA,2025-11-24,373.00,381.29,384.80
COALINDIA,2025-11-25,370.00,378.86,384.30
COALINDIA,2025-11-26,377.00,377.29,384.13
COALINDIA,2025-11-27,378.00,376.43,384.03
COALINDIA,2025-11-28,376.00,376.00,383.77
COALINDIA,2025-12-01,380.00,376.00,383.50
COALINDIA,2025-12-02,379.00,376.14,383.17
COALINDIA,2025-12-03,375.00,376.43,382.63
COALINDIA,2025-12-04,379.00,377.71,382.23
COALINDIA,2025-12-05,380.00,378.14,381.80
COALINDIA,2025-12-08,377.00,378.00,381.23
COALINDIA,2025-12-09,379.00,378.43,380.63
COALINDIA,2025-12-10,382.00,378.71,380.33
COALINDIA,2025-12-11,384.00,379.43,380.40
COALINDIA,2025-12-12,383.00,380.57,380.23
COALINDIA,2025-12-15,384.00,381.29,380.07
COALINDIA,2025-12-16,382.00,381.57,379.83
COALINDIA,2025-12-17,385.00,382.71,380.07
COALINDIA,2025-12-18,385.00,383.57,380.47
COALINDIA,2025-12-19,386.00,384.14,380.80
COALINDIA,2025-12-22,386.00,384.43,380.97
COALINDIA,2025-12-23,400.00,386.86,381.53
COALINDIA,2025-12-24,402.00,389.43,382.03
COALINDIA,2025-12-26,402.00,392.29,382.67
COALINDIA,2025-12-29,401.00,394.57,383.13
COALINDIA,2025-12-30,398.00,396.43,383.47
COALINDIA,2025-12-31,399.00,398.29,383.97
COALINDIA,2026-01-01,400.00,400.29,384.67
COALINDIA,2026-01-02,428.00,404.29,386.27
COALINDIA,2026-01-05,427.00,407.86,387.90
COALINDIA,2026-01-06,427.00,411.43,389.70
COALINDIA,2026-01-07,432.00,415.86,391.77
COALINDIA,2026-01-08,425.00,419.71,393.37
COALINDIA,2026-01-09,418.00,422.43,394.70
COALINDIA,2026-01-12,432.00,427.00,396.57
COALINDIA,2026-01-13,429.00,427.14,398.20
COALINDIA,2026-01-14,432.00,427.86,399.97
COALINDIA,2026-01-16,431.00,428.43,401.83
COALINDIA,2026-01-19,430.00,428.14,403.53
COALINDIA,2026-01-20,415.00,426.71,404.70
COALINDIA,2026-01-21,414.00,426.14,405.93
COALINDIA,2026-01-22,423.00,424.86,407.40
COALINDIA,2026-01-23,418.00,423.29,408.60
COALINDIA,2026-01-27,423.00,422.00,409.90
COALINDIA,2026-01-28,444.00,423.86,411.93
COALINDIA,2026-01-29,456.00,427.57,414.33
COALINDIA,2026-01-30,441.00,431.29,416.30
COALINDIA,2026-02-01,420.00,432.14,417.47
COALINDIA,2026-02-02,424.00,432.29,418.77
COALINDIA,2026-02-03,429.00,433.86,420.20
COALINDIA,2026-02-04,435.00,435.57,421.83
COALINDIA,2026-02-05,432.00,433.86,422.90
COALINDIA,2026-02-06,433.00,430.57,423.93
COALINDIA,2026-02-09,432.00,429.29,424.93
COALINDIA,2026-02-10,431.00,430.86,425.93
COALINDIA,2026-02-11,423.00,430.71,426.77
COALINDIA,2026-02-12,419.00,429.29,427.43
COALINDIA,2026-02-13,409.00,425.57,427.73
COALINDIA,2026-02-16,423.00,424.29,427.57
COALINDIA,2026-02-17,422.00,422.71,427.40
COALINDIA,2026-02-18,418.00,420.71,427.10
COALINDIA,2026-02-19,416.00,418.57,426.57
COALINDIA,2026-02-20,424.00,418.71,426.53
COALINDIA,2026-02-23,426.00,419.71,426.80
COALINDIA,2026-02-24,431.00,422.86,426.77
COALINDIA,2026-02-25,439.00,425.14,427.10
COALINDIA,2026-02-26,434.00,426.86,427.17
COALINDIA,2026-02-27,431.00,428.71,427.17
COALINDIA,2026-03-02,426.00,430.14,427.03
COALINDIA,2026-03-04,435.00,431.71,427.70
COALINDIA,2026-03-05,449.00,435.00,428.87
COALINDIA,2026-03-06,440.00,436.29,429.43
COALINDIA,2026-03-09,438.00,436.14,430.10
COALINDIA,2026-03-10,444.00,437.57,430.80
COALINDIA,2026-03-11,447.00,439.86,430.90
COALINDIA,2026-03-12,470.00,446.14,431.37
COALINDIA,2026-03-13,467.00,450.71,432.23
COALINDIA,2026-03-16,460.00,452.29,433.57
COALINDIA,2026-03-17,462.00,455.43,434.83
COALINDIA,2026-03-18,455.00,457.86,435.70
COALINDIA,2026-03-19,454.00,459.29,436.33
COALINDIA,2026-03-20,468.00,462.29,437.53
COALINDIA,2026-03-23,455.00,460.14,438.27
COALINDIA,2026-03-24,442.00,456.57,438.60
COALINDIA,2026-03-25,444.00,454.29,439.03
COALINDIA,2026-03-27,445.00,451.86,439.77
COALINDIA,2026-03-30,450.00,451.14,440.80
HCLTECH,2025-09-30,1385.00,1385.00,1385.00
HCLTECH,2025-10-01,1390.00,1387.50,1387.50
HCLTECH,2025-10-03,1394.00,1389.67,1389.67
HCLTECH,2025-10-06,1418.00,1396.75,1396.75
HCLTECH,2025-10-07,1433.00,1404.00,1404.00
HCLTECH,2025-10-08,1453.00,1412.17,1412.17
HCLTECH,2025-10-09,1487.00,1422.86,1422.86
HCLTECH,2025-10-10,1496.00,1438.71,1432.00
HCLTECH,2025-10-13,1495.00,1453.71,1439.00
HCLTECH,2025-10-14,1495.00,1468.14,1444.60
HCLTECH,2025-10-15,1496.00,1479.29,1449.27
HCLTECH,2025-10-16,1515.00,1491.00,1454.75
HCLTECH,2025-10-17,1486.00,1495.71,1457.15
HCLTECH,2025-10-20,1495.00,1496.86,1459.86
HCLTECH,2025-10-21,1486.00,1495.43,1461.60
HCLTECH,2025-10-23,1524.00,1499.57,1465.50
HCLTECH,2025-10-24,1524.00,1503.71,1468.94
HCLTECH,2025-10-27,1534.00,1509.14,1472.56
HCLTECH,2025-10-28,1522.00,1510.14,1475.16
HCLTECH,2025-10-29,1557.00,1520.29,1479.25
HCLTECH,2025-10-30,1550.00,1528.14,1482.62
HCLTECH,2025-10-31,1542.00,1536.14,1485.32
HCLTECH,2025-11-03,1544.00,1539.00,1487.87
HCLTECH,2025-11-04,1529.00,1539.71,1489.58
HCLTECH,2025-11-06,1526.00,1538.57,1491.04
HCLTECH,2025-11-07,1512.00,1537.14,1491.85
HCLTECH,2025-11-10,1541.00,1534.86,1493.67
HCLTECH,2025-11-11,1570.00,1537.71,1496.39
HCLTECH,2025-11-12,1594.00,1545.14,1499.76
HCLTECH,2025-11-13,1599.00,1553.00,1503.07
HCLTECH,2025-11-14,1595.00,1562.43,1510.07
HCLTECH,2025-11-17,1606.00,1573.86,1517.27
HCLTECH,2025-11-18,1595.00,1585.71,1523.97
HCLTECH,2025-11-19,1663.00,1603.14,1532.13
HCLTECH,2025-11-20,1645.00,1613.86,1539.20
HCLTECH,2025-11-21,1608.00,1615.86,1544.37
HCLTECH,2025-11-24,1610.00,1617.43,1548.47
HCLTECH,2025-11-25,1601.00,1618.29,1551.97
HCLTECH,2025-11-26,1618.00,1620.00,1556.07
HCLTECH,2025-11-27,1629.00,1624.86,1560.53
HCLTECH,2025-11-28,1624.00,1619.29,1564.80
HCLTECH,2025-12-01,1643.00,1619.00,1569.07
HCLTECH,2025-12-02,1636.00,1623.00,1574.07
HCLTECH,2025-12-03,1641.00,1627.43,1578.93
HCLTECH,2025-12-04,1655.00,1635.14,1584.57
HCLTECH,2025-12-05,1683.00,1644.43,1589.87
HCLTECH,2025-12-08,1689.00,1653.00,1595.37
HCLTECH,2025-12-09,1658.00,1657.86,1599.50
HCLTECH,2025-12-10,1666.00,1661.14,1604.30
HCLTECH,2025-12-11,1672.00,1666.29,1608.13
HCLTECH,2025-12-12,1673.00,1670.86,1612.23
HCLTECH,2025-12-15,1684.00,1675.00,1616.97
HCLTECH,2025-12-16,1652.00,1670.57,1620.57
HCLTECH,2025-12-17,1655.00,1665.71,1624.77
HCLTECH,2025-12-18,1661.00,1666.14,1629.27
HCLTECH,2025-12-19,1642.00,1662.71,1633.60
HCLTECH,2025-12-22,1670.00,1662.43,1637.90
HCLTECH,2025-12-23,1680.00,1663.43,1641.57
HCLTECH,2025-12-24,1675.00,1662.14,1644.27
HCLTECH,2025-12-26,1661.00,1663.43,1646.33
HCLTECH,2025-12-29,1631.00,1660.00,1647.53
HCLTECH,2025-12-30,1615.00,1653.43,1647.83
HCLTECH,2025-12-31,1623.00,1650.71,1648.77
HCLTECH,2026-01-01,1635.00,1645.71,1647.83
HCLTECH,2026-01-02,1640.00,1640.00,1647.67
HCLTECH,2026-01-05,1608.00,1630.43,1647.67
HCLTECH,2026-01-06,1616.00,1624.00,1647.87
HCLTECH,2026-01-07,1648.00,1626.43,1649.43
HCLTECH,2026-01-08,1647.00,1631.00,1650.40
HCLTECH,2026-01-09,1661.00,1636.43,1651.47
HCLTECH,2026-01-12,1668.00,1641.14,1652.93
HCLTECH,2026-01-13,1665.00,1644.71,1653.67
HCLTECH,2026-01-14,1669.00,1653.43,1654.77
HCLTECH,2026-01-16,1698.00,1665.14,1656.67
HCLTECH,2026-01-19,1717.00,1675.00,1658.73
HCLTECH,2026-01-20,1687.00,1680.71,1658.87
HCLTECH,2026-01-21,1683.00,1683.86,1658.67
HCLTECH,2026-01-22,1703.00,1688.86,1660.17
HCLTECH,2026-01-23,1707.00,1694.86,1661.53
HCLTECH,2026-01-27,1720.00,1702.14,1663.13
HCLTECH,2026-01-28,1730.00,1706.71,1665.03
HCLTECH,2026-01-29,1722.00,1707.43,1666.30
HCLTECH,2026-01-30,1696.00,1708.71,1667.77
HCLTECH,2026-02-01,1666.00,1706.29,1668.13
HCLTECH,2026-02-02,1677.00,1702.57,1668.67
HCLTECH,2026-02-03,1695.00,1700.86,1670.43
HCLTECH,2026-02-04,1622.00,1686.86,1668.83
HCLTECH,2026-02-05,1610.00,1669.71,1666.50
HCLTECH,2026-02-06,1594.00,1651.43,1663.80
HCLTECH,2026-02-09,1602.00,1638.00,1661.83
HCLTECH,2026-02-10,1573.00,1624.71,1659.90
HCLTECH,2026-02-11,1552.00,1606.86,1657.80
HCLTECH,2026-02-12,1476.00,1575.57,1652.90
HCLTECH,2026-02-13,1455.00,1551.71,1646.90
HCLTECH,2026-02-16,1462.00,1530.57,1640.97
HCLTECH,2026-02-17,1483.00,1514.71,1636.80
HCLTECH,2026-02-18,1467.00,1495.43,1631.83
HCLTECH,2026-02-19,1450.00,1477.86,1625.23
HCLTECH,2026-02-20,1437.00,1461.43,1618.23
HCLTECH,2026-02-23,1426.00,1454.29,1610.40
HCLTECH,2026-02-24,1339.00,1437.71,1599.43
HCLTECH,2026-02-25,1378.00,1425.71,1589.87
HCLTECH,2026-02-26,1374.00,1410.14,1580.03
HCLTECH,2026-02-27,1389.00,1399.00,1569.73
HCLTECH,2026-03-02,1371.00,1387.71,1558.20
HCLTECH,2026-03-04,1364.00,1377.29,1547.43
HCLTECH,2026-03-05,1354.00,1367.00,1536.47
HCLTECH,2026-03-06,1357.00,1369.57,1524.93
HCLTECH,2026-03-09,1359.00,1366.86,1513.33
HCLTECH,2026-03-10,1362.00,1365.14,1501.40
HCLTECH,2026-03-11,1350.00,1359.57,1488.73
HCLTECH,2026-03-12,1358.00,1357.71,1476.60
HCLTECH,2026-03-13,1325.00,1352.14,1464.23
HCLTECH,2026-03-16,1329.00,1348.57,1453.00
HCLTECH,2026-03-17,1321.00,1343.43,1441.13
HCLTECH,2026-03-18,1357.00,1343.14,1429.87
HCLTECH,2026-03-19,1312.00,1336.00,1419.53
HCLTECH,2026-03-20,1334.00,1333.71,1410.33
HCLTECH,2026-03-23,1359.00,1333.86,1402.50
HCLTECH,2026-03-24,1373.00,1340.71,1394.87
HCLTECH,2026-03-25,1381.00,1348.14,1388.47
HCLTECH,2026-03-27,1364.00,1354.29,1382.20
HCLTECH,2026-03-30,1342.00,1352.14,1377.73
HDFCBANK,2025-09-30,951.00,951.00,951.00
HDFCBANK,2025-10-01,965.00,958.00,958.00
HDFCBANK,2025-10-03,965.00,960.33,960.33
HDFCBANK,2025-10-06,973.00,963.50,963.50
HDFCBANK,2025-10-07,983.00,967.40,967.40
HDFCBANK,2025-10-08,979.00,969.33,969.33
HDFCBANK,2025-10-09,977.00,970.43,970.43
HDFCBANK,2025-10-10,981.00,974.71,971.75
HDFCBANK,2025-10-13,977.00,976.43,972.33
HDFCBANK,2025-10-14,977.00,978.14,972.80
HDFCBANK,2025-10-15,978.00,978.86,973.27
HDFCBANK,2025-10-16,994.00,980.43,975.00
HDFCBANK,2025-10-17,1003.00,983.86,977.15
HDFCBANK,2025-10-20,1003.00,987.57,979.00
HDFCBANK,2025-10-21,1008.00,991.43,980.93
HDFCBANK,2025-10-23,1009.00,996.00,982.69
HDFCBANK,2025-10-24,995.00,998.57,983.41
HDFCBANK,2025-10-27,1003.00,1002.14,984.50
HDFCBANK,2025-10-28,1004.00,1003.57,985.53
HDFCBANK,2025-10-29,1008.00,1004.29,986.65
HDFCBANK,2025-10-30,998.00,1003.57,987.19
HDFCBANK,2025-10-31,987.00,1000.57,987.18
HDFCBANK,2025-11-03,993.00,998.29,987.43
HDFCBANK,2025-11-04,985.00,996.86,987.33
HDFCBANK,2025-11-06,985.00,994.29,987.24
HDFCBANK,2025-11-07,982.00,991.14,987.04
HDFCBANK,2025-11-10,985.00,987.86,986.96
HDFCBANK,2025-11-11,992.00,987.00,987.14
HDFCBANK,2025-11-12,990.00,987.43,987.24
HDFCBANK,2025-11-13,987.00,986.57,987.23
HDFCBANK,2025-11-14,990.00,987.29,988.53
HDFCBANK,2025-11-17,997.00,989.00,989.60
HDFCBANK,2025-11-18,992.00,990.43,990.50
HDFCBANK,2025-11-19,995.00,991.86,991.23
HDFCBANK,2025-11-20,1009.00,994.29,992.10
HDFCBANK,2025-11-21,998.00,995.43,992.73
HDFCBANK,2025-11-24,999.00,997.14,993.47
HDFCBANK,2025-11-25,990.00,997.14,993.77
HDFCBANK,2025-11-26,1004.00,998.14,994.67
HDFCBANK,2025-11-27,1010.00,1000.71,995.77
HDFCBANK,2025-11-28,1008.00,1002.57,996.77
HDFCBANK,2025-12-01,1002.00,1001.57,997.03
HDFCBANK,2025-12-02,990.00,1000.43,996.60
HDFCBANK,2025-12-03,1001.00,1000.71,996.53
HDFCBANK,2025-12-04,997.00,1001.71,996.17
HDFCBANK,2025-12-05,1003.00,1001.57,995.97
HDFCBANK,2025-12-08,1003.00,1000.57,996.23
HDFCBANK,2025-12-09,997.00,999.00,996.03
HDFCBANK,2025-12-10,990.00,997.29,995.57
HDFCBANK,2025-12-11,1000.00,998.71,995.30
HDFCBANK,2025-12-12,1002.00,998.86,995.43
HDFCBANK,2025-12-15,996.00,998.71,995.73
HDFCBANK,2025-12-16,994.00,997.43,995.77
HDFCBANK,2025-12-17,984.00,994.71,995.73
HDFCBANK,2025-12-18,980.00,992.29,995.57
HDFCBANK,2025-12-19,986.00,991.71,995.70
HDFCBANK,2025-12-22,988.00,990.00,995.80
HDFCBANK,2025-12-23,997.00,989.29,995.97
HDFCBANK,2025-12-24,997.00,989.43,996.20
HDFCBANK,2025-12-26,992.00,989.14,996.37
HDFCBANK,2025-12-29,992.00,990.29,996.43
HDFCBANK,2025-12-30,991.00,991.86,996.23
HDFCBANK,2025-12-31,991.00,992.57,996.20
HDFCBANK,2026-01-01,991.00,993.00,996.07
HDFCBANK,2026-01-02,1002.00,993.71,995.83
HDFCBANK,2026-01-05,978.00,991.00,995.17
HDFCBANK,2026-01-06,962.00,986.71,993.93
HDFCBANK,2026-01-07,949.00,980.57,992.57
HDFCBANK,2026-01-08,947.00,974.29,990.67
HDFCBANK,2026-01-09,939.00,966.86,988.30
HDFCBANK,2026-01-12,937.00,959.14,985.93
HDFCBANK,2026-01-13,937.00,949.86,983.77
HDFCBANK,2026-01-14,925.00,942.29,981.60
HDFCBANK,2026-01-16,931.00,937.86,979.27
HDFCBANK,2026-01-19,928.00,934.86,976.97
HDFCBANK,2026-01-20,931.00,932.57,974.57
HDFCBANK,2026-01-21,920.00,929.86,971.80
HDFCBANK,2026-01-22,919.00,927.29,969.20
HDFCBANK,2026-01-23,916.00,924.29,966.73
HDFCBANK,2026-01-27,926.00,924.43,964.27
HDFCBANK,2026-01-28,933.00,924.71,961.97
HDFCBANK,2026-01-29,936.00,925.86,959.97
HDFCBANK,2026-01-30,929.00,925.57,957.80
HDFCBANK,2026-02-01,922.00,925.86,955.73
HDFCBANK,2026-02-02,928.00,927.14,954.00
HDFCBANK,2026-02-03,949.00,931.86,952.77
HDFCBANK,2026-02-04,953.00,935.71,951.60
HDFCBANK,2026-02-05,950.00,938.14,950.03
HDFCBANK,2026-02-06,941.00,938.86,948.17
HDFCBANK,2026-02-09,937.00,940.00,946.33
HDFCBANK,2026-02-10,932.00,941.43,944.33
HDFCBANK,2026-02-11,927.00,941.29,942.20
HDFCBANK,2026-02-12,921.00,937.29,939.87
HDFCBANK,2026-02-13,904.00,930.29,936.97
HDFCBANK,2026-02-16,926.00,926.86,934.43
HDFCBANK,2026-02-17,926.00,924.71,932.70
HDFCBANK,2026-02-18,925.00,923.00,931.47
HDFCBANK,2026-02-19,916.00,920.71,930.37
HDFCBANK,2026-02-20,912.00,918.57,929.20
HDFCBANK,2026-02-23,924.00,919.00,928.70
HDFCBANK,2026-02-24,911.00,920.00,927.83
HDFCBANK,2026-02-25,908.00,917.43,926.87
HDFCBANK,2026-02-26,899.00,913.57,926.00
HDFCBANK,2026-02-27,888.00,908.29,924.57
HDFCBANK,2026-03-02,879.00,903.00,922.93
HDFCBANK,2026-03-04,869.00,896.86,920.87
HDFCBANK,2026-03-05,878.00,890.29,919.47
HDFCBANK,2026-03-06,857.00,882.57,917.40
HDFCBANK,2026-03-09,841.00,873.00,914.90
HDFCBANK,2026-03-10,849.00,865.86,912.33
HDFCBANK,2026-03-11,834.00,858.14,909.03
HDFCBANK,2026-03-12,833.00,851.57,905.60
HDFCBANK,2026-03-13,817.00,844.14,901.87
HDFCBANK,2026-03-16,841.00,838.86,899.17
HDFCBANK,2026-03-17,845.00,837.14,896.40
HDFCBANK,2026-03-18,843.00,837.43,892.87
HDFCBANK,2026-03-19,798.00,830.14,887.70
HDFCBANK,2026-03-20,780.00,822.43,882.03
HDFCBANK,2026-03-23,744.00,809.71,875.47
HDFCBANK,2026-03-24,765.00,802.29,869.73
HDFCBANK,2026-03-25,782.00,793.86,864.73
HDFCBANK,2026-03-27,756.00,781.14,859.03
HDFCBANK,2026-03-30,732.00,765.29,852.73
HINDUNILVR,2025-09-30,2514.00,2514.00,2514.00
HINDUNILVR,2025-10-01,2536.00,2525.00,2525.00
HINDUNILVR,2025-10-03,2545.00,2531.67,2531.67
HINDUNILVR,2025-10-06,2542.00,2534.25,2534.25
HINDUNILVR,2025-10-07,2517.00,2530.80,2530.80
HINDUNILVR,2025-10-08,2500.00,2525.67,2525.67
HINDUNILVR,2025-10-09,2518.00,2524.57,2524.57
HINDUNILVR,2025-10-10,2529.00,2526.71,2525.13
HINDUNILVR,2025-10-13,2493.00,2520.57,2521.56
HINDUNILVR,2025-10-14,2502.00,2514.43,2519.60
HINDUNILVR,2025-10-15,2519.00,2511.14,2519.55
HINDUNILVR,2025-10-16,2562.00,2517.57,2523.08
HINDUNILVR,2025-10-17,2604.00,2532.43,2529.31
HINDUNILVR,2025-10-20,2594.00,2543.29,2533.93
HINDUNILVR,2025-10-21,2592.00,2552.29,2537.80
HINDUNILVR,2025-10-23,2602.00,2567.86,2541.81
HINDUNILVR,2025-10-24,2516.00,2569.86,2540.29
HINDUNILVR,2025-10-27,2512.00,2568.86,2538.72
HINDUNILVR,2025-10-28,2497.00,2559.57,2536.53
HINDUNILVR,2025-10-29,2488.00,2543.00,2534.10
HINDUNILVR,2025-10-30,2470.00,2525.29,2531.05
HINDUNILVR,2025-10-31,2466.00,2507.29,2528.09
HINDUNILVR,2025-11-03,2460.00,2487.00,2525.13
HINDUNILVR,2025-11-04,2446.00,2477.00,2521.83
HINDUNILVR,2025-11-06,2436.00,2466.14,2518.40
HINDUNILVR,2025-11-07,2414.00,2454.29,2514.38
HINDUNILVR,2025-11-10,2409.00,2443.00,2510.48
HINDUNILVR,2025-11-11,2428.00,2437.00,2507.54
HINDUNILVR,2025-11-12,2425.00,2431.14,2504.69
HINDUNILVR,2025-11-13,2408.00,2423.71,2501.47
HINDUNILVR,2025-11-14,2428.00,2421.14,2498.60
HINDUNILVR,2025-11-17,2425.00,2419.57,2494.90
HINDUNILVR,2025-11-18,2404.00,2418.14,2490.20
HINDUNILVR,2025-11-19,2442.00,2422.86,2486.87
HINDUNILVR,2025-11-20,2428.00,2422.86,2483.90
HINDUNILVR,2025-11-21,2434.00,2424.14,2481.70
HINDUNILVR,2025-11-24,2424.00,2426.43,2478.57
HINDUNILVR,2025-11-25,2414.00,2424.43,2474.73
HINDUNILVR,2025-11-26,2425.00,2424.43,2472.47
HINDUNILVR,2025-11-27,2452.00,2431.29,2470.80
HINDUNILVR,2025-11-28,2426.00,2429.00,2467.70
HINDUNILVR,2025-12-01,2424.00,2428.43,2463.10
HINDUNILVR,2025-12-02,2437.00,2428.86,2457.53
HINDUNILVR,2025-12-03,2408.00,2426.57,2451.33
HINDUNILVR,2025-12-04,2422.00,2427.71,2445.67
HINDUNILVR,2025-12-05,2339.00,2415.43,2436.90
HINDUNILVR,2025-12-08,2314.00,2395.71,2430.17
HINDUNILVR,2025-12-09,2307.00,2378.71,2423.33
HINDUNILVR,2025-12-10,2302.00,2361.29,2416.83
HINDUNILVR,2025-12-11,2306.00,2342.57,2410.77
HINDUNILVR,2025-12-12,2261.00,2321.57,2403.80
HINDUNILVR,2025-12-15,2294.00,2303.29,2398.07
HINDUNILVR,2025-12-16,2281.00,2295.00,2392.10
HINDUNILVR,2025-12-17,2276.00,2289.57,2386.43
HINDUNILVR,2025-12-18,2266.00,2283.71,2380.77
HINDUNILVR,2025-12-19,2280.00,2280.57,2376.30
HINDUNILVR,2025-12-22,2290.00,2278.29,2372.33
HINDUNILVR,2025-12-23,2303.00,2284.29,2368.17
HINDUNILVR,2025-12-24,2282.00,2282.57,2363.40
HINDUNILVR,2025-12-26,2285.00,2283.14,2359.30
HINDUNILVR,2025-12-29,2293.00,2285.57,2354.80
HINDUNILVR,2025-12-30,2290.00,2289.00,2350.30
HINDUNILVR,2025-12-31,2316.00,2294.14,2347.37
HINDUNILVR,2026-01-01,2323.00,2298.86,2343.40
HINDUNILVR,2026-01-02,2348.00,2305.29,2340.73
HINDUNILVR,2026-01-05,2384.00,2319.86,2339.07
HINDUNILVR,2026-01-06,2425.00,2339.86,2339.10
HINDUNILVR,2026-01-07,2399.00,2355.00,2338.60
HINDUNILVR,2026-01-08,2387.00,2368.86,2337.33
HINDUNILVR,2026-01-09,2373.00,2377.00,2334.70
HINDUNILVR,2026-01-12,2406.00,2388.86,2334.03
HINDUNILVR,2026-01-13,2390.00,2394.86,2332.90
HINDUNILVR,2026-01-14,2354.00,2390.57,2330.13
HINDUNILVR,2026-01-16,2360.00,2381.29,2328.53
HINDUNILVR,2026-01-19,2414.00,2383.43,2328.27
HINDUNILVR,2026-01-20,2379.00,2382.29,2329.60
HINDUNILVR,2026-01-21,2368.00,2381.57,2331.40
HINDUNILVR,2026-01-22,2391.00,2379.43,2334.20
HINDUNILVR,2026-01-23,2410.00,2382.29,2337.80
HINDUNILVR,2026-01-27,2401.00,2389.00,2340.97
HINDUNILVR,2026-01-28,2378.00,2391.57,2344.87
HINDUNILVR,2026-01-29,2353.00,2382.86,2346.83
HINDUNILVR,2026-01-30,2373.00,2382.00,2349.90
HINDUNILVR,2026-02-01,2351.00,2379.57,2352.40
HINDUNILVR,2026-02-02,2357.00,2374.71,2355.43
HINDUNILVR,2026-02-03,2369.00,2368.86,2358.40
HINDUNILVR,2026-02-04,2371.00,2364.57,2361.10
HINDUNILVR,2026-02-05,2354.00,2361.14,2362.80
HINDUNILVR,2026-02-06,2424.00,2371.29,2367.53
HINDUNILVR,2026-02-09,2435.00,2380.14,2372.53
HINDUNILVR,2026-02-10,2454.00,2394.86,2377.90
HINDUNILVR,2026-02-11,2463.00,2410.00,2383.67
HINDUNILVR,2026-02-12,2410.00,2415.86,2386.80
HINDUNILVR,2026-02-13,2305.00,2406.43,2386.20
HINDUNILVR,2026-02-16,2319.00,2401.43,2385.23
HINDUNILVR,2026-02-17,2312.00,2385.43,2382.83
HINDUNILVR,2026-02-18,2324.00,2369.57,2379.47
HINDUNILVR,2026-02-19,2279.00,2344.57,2375.47
HINDUNILVR,2026-02-20,2315.00,2323.43,2373.07
HINDUNILVR,2026-02-23,2345.00,2314.14,2372.13
HINDUNILVR,2026-02-24,2359.00,2321.86,2370.57
HINDUNILVR,2026-02-25,2375.00,2329.86,2370.07
HINDUNILVR,2026-02-26,2383.00,2340.00,2371.03
HINDUNILVR,2026-02-27,2338.00,2342.00,2370.30
HINDUNILVR,2026-03-02,2321.00,2348.00,2367.20
HINDUNILVR,2026-03-04,2261.00,2340.29,2363.27
HINDUNILVR,2026-03-05,2255.00,2327.43,2359.50
HINDUNILVR,2026-03-06,2226.00,2308.43,2354.00
HINDUNILVR,2026-03-09,2195.00,2282.71,2346.83
HINDUNILVR,2026-03-10,2190.00,2255.14,2339.80
HINDUNILVR,2026-03-11,2161.00,2229.86,2332.57
HINDUNILVR,2026-03-12,2137.00,2203.57,2325.37
HINDUNILVR,2026-03-13,2160.00,2189.14,2318.27
HINDUNILVR,2026-03-16,2176.00,2177.86,2312.43
HINDUNILVR,2026-03-17,2158.00,2168.14,2305.80
HINDUNILVR,2026-03-18,2135.00,2159.57,2298.00
HINDUNILVR,2026-03-19,2077.00,2143.43,2288.20
HINDUNILVR,2026-03-20,2083.00,2132.29,2279.17
HINDUNILVR,2026-03-23,2052.00,2120.14,2266.77
HINDUNILVR,2026-03-24,2085.00,2109.43,2255.10
HINDUNILVR,2026-03-25,2135.00,2103.57,2244.47
HINDUNILVR,2026-03-27,2074.00,2091.57,2231.50
HINDUNILVR,2026-03-30,2055.00,2080.14,2219.67
ICICIBANK,2025-09-30,1348.00,1348.00,1348.00
ICICIBANK,2025-10-01,1372.00,1360.00,1360.00
ICICIBANK,2025-10-03,1365.00,1361.67,1361.67
ICICIBANK,2025-10-06,1363.00,1362.00,1362.00
ICICIBANK,2025-10-07,1376.00,1364.80,1364.80
ICICIBANK,2025-10-08,1370.00,1365.67,1365.67
ICICIBANK,2025-10-09,1376.00,1367.14,1367.14
ICICIBANK,2025-10-10,1380.00,1371.71,1368.75
ICICIBANK,2025-10-13,1379.00,1372.71,1369.89
ICICIBANK,2025-10-14,1384.00,1375.43,1371.30
ICICIBANK,2025-10-15,1398.00,1380.43,1373.73
ICICIBANK,2025-10-16,1417.00,1386.29,1377.33
ICICIBANK,2025-10-17,1437.00,1395.86,1381.92
ICICIBANK,2025-10-20,1390.00,1397.86,1382.50
ICICIBANK,2025-10-21,1382.00,1398.14,1382.47
ICICIBANK,2025-10-23,1364.00,1396.00,1381.31
ICICIBANK,2025-10-24,1378.00,1395.14,1381.12
ICICIBANK,2025-10-27,1378.00,1392.29,1380.94
ICICIBANK,2025-10-28,1363.00,1384.57,1380.00
ICICIBANK,2025-10-29,1370.00,1375.00,1379.50
ICICIBANK,2025-10-30,1362.00,1371.00,1378.67
ICICIBANK,2025-10-31,1345.00,1365.71,1377.14
ICICIBANK,2025-11-03,1346.00,1363.14,1375.78
ICICIBANK,2025-11-04,1337.00,1357.29,1374.17
ICICIBANK,2025-11-06,1320.00,1349.00,1372.00
ICICIBANK,2025-11-07,1343.00,1346.14,1370.88
ICICIBANK,2025-11-10,1348.00,1343.00,1370.04
ICICIBANK,2025-11-11,1358.00,1342.43,1369.61
ICICIBANK,2025-11-12,1359.00,1344.43,1369.24
ICICIBANK,2025-11-13,1386.00,1350.14,1369.80
ICICIBANK,2025-11-14,1373.00,1355.29,1370.63
ICICIBANK,2025-11-17,1379.00,1363.71,1370.87
ICICIBANK,2025-11-18,1373.00,1368.00,1371.13
ICICIBANK,2025-11-19,1383.00,1373.00,1371.80
ICICIBANK,2025-11-20,1383.00,1376.57,1372.03
ICICIBANK,2025-11-21,1370.00,1378.14,1372.03
ICICIBANK,2025-11-24,1368.00,1375.57,1371.77
ICICIBANK,2025-11-25,1358.00,1373.43,1371.03
ICICIBANK,2025-11-26,1375.00,1372.86,1370.90
ICICIBANK,2025-11-27,1392.00,1375.57,1371.17
ICICIBANK,2025-11-28,1389.00,1376.43,1370.87
ICICIBANK,2025-12-01,1390.00,1377.43,1369.97
ICICIBANK,2025-12-02,1373.00,1377.86,1367.83
ICICIBANK,2025-12-03,1392.00,1381.29,1367.90
ICICIBANK,2025-12-04,1387.00,1385.43,1368.07
ICICIBANK,2025-12-05,1393.00,1388.00,1369.03
ICICIBANK,2025-12-08,1390.00,1387.71,1369.43
ICICIBANK,2025-12-09,1375.00,1385.71,1369.33
ICICIBANK,2025-12-10,1364.00,1382.00,1369.37
ICICIBANK,2025-12-11,1360.00,1380.14,1369.03
ICICIBANK,2025-12-12,1366.00,1376.43,1369.17
ICICIBANK,2025-12-15,1365.00,1373.29,1369.83
ICICIBANK,2025-12-16,1366.00,1369.43,1370.50
ICICIBANK,2025-12-17,1352.00,1364.00,1371.00
ICICIBANK,2025-12-18,1357.00,1361.43,1372.23
ICICIBANK,2025-12-19,1354.00,1360.00,1372.60
ICICIBANK,2025-12-22,1369.00,1361.29,1373.30
ICICIBANK,2025-12-23,1363.00,1360.86,1373.47
ICICIBANK,2025-12-24,1360.00,1360.14,1373.50
ICICIBANK,2025-12-26,1350.00,1357.86,1372.30
ICICIBANK,2025-12-29,1343.00,1356.57,1371.30
ICICIBANK,2025-12-30,1343.00,1354.57,1370.10
ICICIBANK,2025-12-31,1343.00,1353.00,1369.10
ICICIBANK,2026-01-01,1338.00,1348.57,1367.60
ICICIBANK,2026-01-02,1355.00,1347.43,1366.67
ICICIBANK,2026-01-05,1372.00,1349.14,1366.73
ICICIBANK,2026-01-06,1411.00,1357.86,1368.17
ICICIBANK,2026-01-07,1428.00,1370.00,1370.50
ICICIBANK,2026-01-08,1435.00,1383.14,1372.50
ICICIBANK,2026-01-09,1404.00,1391.86,1372.90
ICICIBANK,2026-01-12,1413.00,1402.57,1373.70
ICICIBANK,2026-01-13,1437.00,1414.29,1375.27
ICICIBANK,2026-01-14,1418.00,1420.86,1376.77
ICICIBANK,2026-01-16,1411.00,1420.86,1377.40
ICICIBANK,2026-01-19,1381.00,1414.14,1377.20
ICICIBANK,2026-01-20,1376.00,1405.71,1376.63
ICICIBANK,2026-01-21,1349.00,1397.86,1375.27
ICICIBANK,2026-01-22,1346.00,1388.29,1374.30
ICICIBANK,2026-01-23,1343.00,1374.86,1373.60
ICICIBANK,2026-01-27,1361.00,1366.71,1373.63
ICICIBANK,2026-01-28,1368.00,1360.57,1373.70
ICICIBANK,2026-01-29,1384.00,1361.00,1374.33
ICICIBANK,2026-01-30,1355.00,1358.00,1373.97
ICICIBANK,2026-02-01,1334.00,1355.86,1373.37
ICICIBANK,2026-02-02,1353.00,1356.86,1373.23
ICICIBANK,2026-02-03,1390.00,1363.57,1374.43
ICICIBANK,2026-02-04,1408.00,1370.29,1375.73
ICICIBANK,2026-02-05,1397.00,1374.43,1376.87
ICICIBANK,2026-02-06,1406.00,1377.57,1378.40
ICICIBANK,2026-02-09,1396.00,1383.43,1379.93
ICICIBANK,2026-02-10,1407.00,1393.86,1382.07
ICICIBANK,2026-02-11,1406.00,1401.43,1384.17
ICICIBANK,2026-02-12,1430.00,1407.14,1387.07
ICICIBANK,2026-02-13,1415.00,1408.14,1389.63
ICICIBANK,2026-02-16,1412.00,1410.29,1391.53
ICICIBANK,2026-02-17,1408.00,1410.57,1392.73
ICICIBANK,2026-02-18,1408.00,1412.29,1392.63
ICICIBANK,2026-02-19,1389.00,1409.71,1391.33
ICICIBANK,2026-02-20,1395.00,1408.14,1390.00
ICICIBANK,2026-02-23,1399.00,1403.71,1389.83
ICICIBANK,2026-02-24,1385.00,1399.43,1388.90
ICICIBANK,2026-02-25,1401.00,1397.86,1387.70
ICICIBANK,2026-02-26,1405.00,1397.43,1387.27
ICICIBANK,2026-02-27,1379.00,1393.29,1386.20
ICICIBANK,2026-03-02,1374.00,1391.14,1385.97
ICICIBANK,2026-03-04,1365.00,1386.86,1385.60
ICICIBANK,2026-03-05,1358.00,1381.00,1385.90
ICICIBANK,2026-03-06,1313.00,1370.71,1384.80
ICICIBANK,2026-03-09,1278.00,1353.14,1382.63
ICICIBANK,2026-03-10,1312.00,1339.86,1381.00
ICICIBANK,2026-03-11,1295.00,1327.86,1378.57
ICICIBANK,2026-03-12,1267.00,1312.57,1374.67
ICICIBANK,2026-03-13,1255.00,1296.86,1371.33
ICICIBANK,2026-03-16,1273.00,1284.71,1369.30
ICICIBANK,2026-03-17,1289.00,1281.29,1367.17
ICICIBANK,2026-03-18,1289.00,1282.86,1363.80
ICICIBANK,2026-03-19,1250.00,1274.00,1358.53
ICICIBANK,2026-03-20,1245.00,1266.86,1353.47
ICICIBANK,2026-03-23,1223.00,1260.57,1347.37
ICICIBANK,2026-03-24,1251.00,1260.00,1342.53
ICICIBANK,2026-03-25,1260.00,1258.14,1337.63
ICICIBANK,2026-03-27,1234.00,1250.29,1331.90
ICICIBANK,2026-03-30,1206.00,1238.43,1324.43
INFY,2025-09-30,1442.00,1442.00,1442.00
INFY,2025-10-01,1446.00,1444.00,1444.00
INFY,2025-10-03,1447.00,1445.00,1445.00
INFY,2025-10-06,1476.00,1452.75,1452.75
INFY,2025-10-07,1459.00,1454.00,1454.00
INFY,2025-10-08,1495.00,1460.83,1460.83
INFY,2025-10-09,1509.00,1467.71,1467.71
INFY,2025-10-10,1515.00,1478.14,1473.63
INFY,2025-10-13,1493.00,1484.86,1475.78
INFY,2025-10-14,1490.00,1491.00,1477.20
INFY,2025-10-15,1474.00,1490.71,1476.91
INFY,2025-10-16,1472.00,1492.57,1476.50
INFY,2025-10-17,1441.00,1484.86,1473.77
INFY,2025-10-20,1461.00,1478.00,1472.86
INFY,2025-10-21,1472.00,1471.86,1472.80
INFY,2025-10-23,1529.00,1477.00,1476.31
INFY,2025-10-24,1525.00,1482.00,1479.18
INFY,2025-10-27,1505.00,1486.43,1480.61
INFY,2025-10-28,1500.00,1490.43,1481.63
INFY,2025-10-29,1510.00,1500.29,1483.05
INFY,2025-10-30,1494.00,1505.00,1483.57
INFY,2025-10-31,1482.00,1506.43,1483.50
INFY,2025-11-03,1486.00,1500.29,1483.61
INFY,2025-11-04,1468.00,1492.14,1482.96
INFY,2025-11-06,1467.00,1486.71,1482.32
INFY,2025-11-07,1477.00,1483.43,1482.12
INFY,2025-11-10,1514.00,1484.00,1483.30
INFY,2025-11-11,1530.00,1489.14,1484.96
INFY,2025-11-12,1552.00,1499.14,1487.28
INFY,2025-11-13,1542.00,1507.14,1489.10
INFY,2025-11-14,1503.00,1512.14,1491.13
INFY,2025-11-17,1508.00,1518.00,1493.20
INFY,2025-11-18,1486.00,1519.29,1494.50
INFY,2025-11-19,1541.00,1523.14,1496.67
INFY,2025-11-20,1537.00,1524.14,1499.27
INFY,2025-11-21,1545.00,1523.14,1500.93
INFY,2025-11-24,1548.00,1524.00,1502.23
INFY,2025-11-25,1531.00,1528.00,1502.77
INFY,2025-11-26,1558.00,1535.14,1504.93
INFY,2025-11-27,1566.00,1546.57,1507.47
INFY,2025-11-28,1560.00,1549.29,1510.33
INFY,2025-12-01,1564.00,1553.14,1513.40
INFY,2025-12-02,1561.00,1555.43,1517.40
INFY,2025-12-03,1579.00,1559.86,1521.33
INFY,2025-12-04,1598.00,1569.43,1525.53
INFY,2025-12-05,1616.00,1577.71,1528.43
INFY,2025-12-08,1611.00,1584.14,1531.30
INFY,2025-12-09,1599.00,1589.71,1534.43
INFY,2025-12-10,1585.00,1592.71,1537.27
INFY,2025-12-11,1598.00,1598.00,1540.20
INFY,2025-12-12,1598.00,1600.71,1543.67
INFY,2025-12-15,1607.00,1602.00,1547.83
INFY,2025-12-16,1593.00,1598.71,1551.40
INFY,2025-12-17,1602.00,1597.43,1555.87
INFY,2025-12-18,1627.00,1601.43,1561.20
INFY,2025-12-19,1639.00,1609.14,1566.60
INFY,2025-12-22,1690.00,1622.29,1572.47
INFY,2025-12-23,1668.00,1632.29,1577.07
INFY,2025-12-24,1663.00,1640.29,1580.77
INFY,2025-12-26,1656.00,1649.29,1584.57
INFY,2025-12-29,1645.00,1655.43,1589.30
INFY,2025-12-30,1622.00,1654.71,1593.10
INFY,2025-12-31,1615.00,1651.29,1597.40
INFY,2026-01-01,1630.00,1642.71,1600.37
INFY,2026-01-02,1640.00,1638.71,1603.80
INFY,2026-01-05,1606.00,1630.57,1605.83
INFY,2026-01-06,1612.00,1624.29,1607.97
INFY,2026-01-07,1639.00,1623.43,1611.57
INFY,2026-01-08,1613.00,1622.14,1613.40
INFY,2026-01-09,1614.00,1622.00,1615.00
INFY,2026-01-12,1596.00,1617.14,1616.20
INFY,2026-01-13,1599.00,1611.29,1617.37
INFY,2026-01-14,1600.00,1610.43,1618.67
INFY,2026-01-16,1690.00,1621.57,1622.37
INFY,2026-01-19,1681.00,1627.57,1625.13
INFY,2026-01-20,1659.00,1634.14,1626.57
INFY,2026-01-21,1654.00,1639.86,1628.00
INFY,2026-01-22,1664.00,1649.57,1630.17
INFY,2026-01-23,1671.00,1659.86,1633.03
INFY,2026-01-27,1683.00,1671.71,1635.87
INFY,2026-01-28,1667.00,1668.43,1638.17
INFY,2026-01-29,1660.00,1665.43,1639.93
INFY,2026-01-30,1641.00,1662.86,1641.53
INFY,2026-02-01,1655.00,1663.00,1643.30
INFY,2026-02-02,1629.00,1658.00,1643.37
INFY,2026-02-03,1656.00,1655.86,1643.93
INFY,2026-02-04,1536.00,1634.86,1638.80
INFY,2026-02-05,1520.00,1613.86,1633.87
INFY,2026-02-06,1507.00,1592.00,1628.67
INFY,2026-02-09,1497.00,1571.43,1623.37
INFY,2026-02-10,1498.00,1549.00,1618.47
INFY,2026-02-11,1472.00,1526.57,1613.47
INFY,2026-02-12,1386.00,1488.00,1605.83
INFY,2026-02-13,1369.00,1464.14,1597.13
INFY,2026-02-16,1366.00,1442.14,1588.00
INFY,2026-02-17,1391.00,1425.57,1580.83
INFY,2026-02-18,1374.00,1408.00,1572.90
INFY,2026-02-19,1371.00,1389.86,1563.97
INFY,2026-02-20,1353.00,1372.86,1555.30
INFY,2026-02-23,1328.00,1364.57,1545.77
INFY,2026-02-24,1276.00,1351.29,1535.10
INFY,2026-02-25,1290.00,1340.43,1524.80
INFY,2026-02-26,1289.00,1325.86,1514.43
INFY,2026-02-27,1300.00,1315.29,1501.43
INFY,2026-03-02,1289.00,1303.57,1488.37
INFY,2026-03-04,1307.00,1297.00,1476.63
INFY,2026-03-05,1306.00,1293.86,1465.03
INFY,2026-03-06,1308.00,1298.43,1453.17
INFY,2026-03-09,1315.00,1302.00,1441.30
INFY,2026-03-10,1296.00,1303.00,1428.40
INFY,2026-03-11,1276.00,1299.57,1415.37
INFY,2026-03-12,1266.00,1296.29,1402.23
INFY,2026-03-13,1248.00,1287.86,1389.13
INFY,2026-03-16,1250.00,1279.86,1375.63
INFY,2026-03-17,1233.00,1269.14,1362.43
INFY,2026-03-18,1267.00,1262.29,1349.47
INFY,2026-03-19,1221.00,1251.57,1338.97
INFY,2026-03-20,1256.00,1248.71,1330.17
INFY,2026-03-23,1257.00,1247.43,1321.83
INFY,2026-03-24,1278.00,1251.71,1314.53
INFY,2026-03-25,1279.00,1255.86,1307.23
INFY,2026-03-27,1270.00,1261.14,1300.50
INFY,2026-03-30,1251.00,1258.86,1296.00
ITC,2025-09-30,401.55,401.55,401.55
ITC,2025-10-01,405.60,403.58,403.58
ITC,2025-10-03,404.30,403.82,403.82
ITC,2025-10-06,400.75,403.05,403.05
ITC,2025-10-07,399.80,402.40,402.40
ITC,2025-10-08,399.75,401.96,401.96
ITC,2025-10-09,399.90,401.66,401.66
ITC,2025-10-10,402.80,401.84,401.81
ITC,2025-10-13,399.25,400.94,401.52
ITC,2025-10-14,396.80,399.86,401.05
ITC,2025-10-15,399.90,399.74,400.95
ITC,2025-10-16,405.15,400.51,401.30
ITC,2025-10-17,412.15,402.28,402.13
ITC,2025-10-20,413.05,404.16,402.91
ITC,2025-10-21,412.85,405.59,403.57
ITC,2025-10-23,415.95,407.98,404.35
ITC,2025-10-24,416.80,410.84,405.08
ITC,2025-10-27,420.65,413.80,405.94
ITC,2025-10-28,417.90,415.62,406.57
ITC,2025-10-29,421.60,416.97,407.33
ITC,2025-10-30,418.75,417.79,407.87
ITC,2025-10-31,420.35,418.86,408.44
ITC,2025-11-03,413.95,418.57,408.68
ITC,2025-11-04,408.90,417.44,408.69
ITC,2025-11-06,407.50,415.56,408.64
ITC,2025-11-07,404.05,413.59,408.46
ITC,2025-11-10,405.55,411.29,408.35
ITC,2025-11-11,406.85,409.59,408.30
ITC,2025-11-12,407.00,407.69,408.26
ITC,2025-11-13,405.70,406.51,408.17
ITC,2025-11-14,408.15,406.40,408.39
ITC,2025-11-17,407.10,406.34,408.44
ITC,2025-11-18,405.85,406.60,408.49
ITC,2025-11-19,403.55,406.31,408.59
ITC,2025-11-20,405.45,406.11,408.77
ITC,2025-11-21,407.85,406.24,409.04
ITC,2025-11-24,403.55,405.93,409.17
ITC,2025-11-25,400.80,404.88,409.10
ITC,2025-11-26,402.30,404.19,409.20
ITC,2025-11-27,404.30,403.97,409.45
ITC,2025-11-28,404.25,404.07,409.60
ITC,2025-12-01,404.25,403.90,409.57
ITC,2025-12-02,400.95,402.91,409.19
ITC,2025-12-03,400.50,402.48,408.77
ITC,2025-12-04,403.05,402.80,408.45
ITC,2025-12-05,404.95,403.18,408.08
ITC,2025-12-08,402.30,402.89,407.60
ITC,2025-12-09,401.05,402.44,406.94
ITC,2025-12-10,403.15,402.28,406.45
ITC,2025-12-11,402.90,402.56,405.83
ITC,2025-12-12,400.10,402.50,405.21
ITC,2025-12-15,402.30,402.39,404.61
ITC,2025-12-16,401.70,401.93,404.20
ITC,2025-12-17,399.80,401.57,403.89
ITC,2025-12-18,400.40,401.48,403.66
ITC,2025-12-19,401.05,401.18,403.56
ITC,2025-12-22,402.70,401.15,403.46
ITC,2025-12-23,407.35,402.19,403.48
ITC,2025-12-24,406.60,402.80,403.47
ITC,2025-12-26,404.15,403.15,403.41
ITC,2025-12-29,402.60,403.55,403.23
ITC,2025-12-30,400.60,403.58,403.01
ITC,2025-12-31,403.00,403.86,402.92
ITC,2026-01-01,363.85,398.31,401.59
ITC,2026-01-02,350.05,390.12,399.75
ITC,2026-01-05,349.70,381.99,397.81
ITC,2026-01-06,342.45,373.18,395.77
ITC,2026-01-07,341.25,364.41,393.79
ITC,2026-01-08,340.90,355.89,391.74
ITC,2026-01-09,337.15,346.48,389.50
ITC,2026-01-12,338.40,342.84,387.31
ITC,2026-01-13,334.70,340.65,384.99
ITC,2026-01-14,334.75,338.51,382.78
ITC,2026-01-16,329.20,336.62,380.41
ITC,2026-01-19,333.20,335.47,378.08
ITC,2026-01-20,326.30,333.39,375.46
ITC,2026-01-21,324.75,331.61,372.87
ITC,2026-01-22,324.85,329.68,370.33
ITC,2026-01-23,323.40,328.06,367.67
ITC,2026-01-27,318.65,325.76,364.86
ITC,2026-01-28,321.15,324.61,362.23
ITC,2026-01-29,318.60,322.53,359.44
ITC,2026-01-30,322.15,321.94,356.79
ITC,2026-02-01,309.45,319.75,353.78
ITC,2026-02-02,314.70,318.30,350.92
ITC,2026-02-03,316.65,317.34,348.11
ITC,2026-02-04,313.85,316.65,345.15
ITC,2026-02-05,310.20,315.09,341.91
ITC,2026-02-06,325.80,316.11,339.22
ITC,2026-02-09,322.80,316.21,336.50
ITC,2026-02-10,321.40,317.91,333.80
ITC,2026-02-11,318.25,318.42,331.05
ITC,2026-02-12,317.45,318.54,328.20
ITC,2026-02-13,313.75,318.52,326.53
ITC,2026-02-16,317.95,319.63,325.46
ITC,2026-02-17,325.45,319.58,324.65
ITC,2026-02-18,332.45,320.96,324.32
ITC,2026-02-19,326.00,321.61,323.81
ITC,2026-02-20,327.00,322.86,323.35
ITC,2026-02-23,325.40,324.00,322.96
ITC,2026-02-24,323.50,325.39,322.46
ITC,2026-02-25,319.75,325.65,321.96
ITC,2026-02-26,318.30,324.63,321.41
ITC,2026-02-27,313.60,321.94,320.89
ITC,2026-03-02,314.90,320.35,320.28
ITC,2026-03-04,311.95,318.20,319.80
ITC,2026-03-05,311.50,316.21,319.36
ITC,2026-03-06,309.70,314.24,318.86
ITC,2026-03-09,306.00,312.28,318.28
ITC,2026-03-10,309.05,310.96,317.96
ITC,2026-03-11,309.00,310.30,317.55
ITC,2026-03-12,304.10,308.76,317.07
ITC,2026-03-13,301.45,307.26,316.38
ITC,2026-03-16,308.25,306.79,316.34
ITC,2026-03-17,304.85,306.10,316.01
ITC,2026-03-18,304.05,305.82,315.59
ITC,2026-03-19,298.00,304.24,315.06
ITC,2026-03-20,299.95,302.95,314.72
ITC,2026-03-23,290.45,301.00,313.54
ITC,2026-03-24,291.25,299.54,312.49
ITC,2026-03-25,295.70,297.75,311.63
ITC,2026-03-27,294.70,296.30,310.85
ITC,2026-03-30,287.70,293.96,309.86
MARUTI,2025-09-30,16029.00,16029.00,16029.00
MARUTI,2025-10-01,15965.00,15997.00,15997.00
MARUTI,2025-10-03,15806.00,15933.33,15933.33
MARUTI,2025-10-06,15998.00,15949.50,15949.50
MARUTI,2025-10-07,16108.00,15981.20,15981.20
MARUTI,2025-10-08,16012.00,15986.33,15986.33
MARUTI,2025-10-09,15985.00,15986.14,15986.14
MARUTI,2025-10-10,16265.00,16019.86,16021.00
MARUTI,2025-10-13,16323.00,16071.00,16054.56
MARUTI,2025-10-14,16261.00,16136.00,16075.20
MARUTI,2025-10-15,16212.00,16166.57,16087.64
MARUTI,2025-10-16,16298.00,16193.71,16105.17
MARUTI,2025-10-17,16401.00,16249.29,16127.92
MARUTI,2025-10-20,16424.00,16312.00,16149.07
MARUTI,2025-10-21,16396.00,16330.71,16165.53
MARUTI,2025-10-23,16393.00,16340.71,16179.75
