symbol,trade_date,close_price,daily_return_pct
AXISBANK,2025-09-30,1132.00,NULL
AXISBANK,2025-10-01,1160.00,2.47
AXISBANK,2025-10-03,1181.00,1.81
AXISBANK,2025-10-06,1213.00,2.71
AXISBANK,2025-10-07,1187.00,-2.14
AXISBANK,2025-10-08,1181.00,-0.51
AXISBANK,2025-10-09,1167.00,-1.19
AXISBANK,2025-10-10,1180.00,1.11
AXISBANK,2025-10-13,1190.00,0.85
AXISBANK,2025-10-14,1177.00,-1.09
AXISBANK,2025-10-15,1170.00,-0.59
AXISBANK,2025-10-16,1196.00,2.22
AXISBANK,2025-10-17,1200.00,0.33
AXISBANK,2025-10-20,1226.00,2.17
AXISBANK,2025-10-21,1237.00,0.90
AXISBANK,2025-10-23,1259.00,1.78
AXISBANK,2025-10-24,1242.00,-1.35
AXISBANK,2025-10-27,1254.00,0.97
AXISBANK,2025-10-28,1246.00,-0.64
AXISBANK,2025-10-29,1249.00,0.24
AXISBANK,2025-10-30,1239.00,-0.80
AXISBANK,2025-10-31,1233.00,-0.48
AXISBANK,2025-11-03,1234.00,0.08
AXISBANK,2025-11-04,1227.00,-0.57
AXISBANK,2025-11-06,1229.00,0.16
AXISBANK,2025-11-07,1223.00,-0.49
AXISBANK,2025-11-10,1217.00,-0.49
AXISBANK,2025-11-11,1223.00,0.49
AXISBANK,2025-11-12,1222.00,-0.08
AXISBANK,2025-11-13,1225.00,0.25
AXISBANK,2025-11-14,1242.00,1.39
AXISBANK,2025-11-17,1250.00,0.64
AXISBANK,2025-11-18,1265.00,1.20
AXISBANK,2025-11-19,1270.00,0.40
AXISBANK,2025-11-20,1285.00,1.18
AXISBANK,2025-11-21,1276.00,-0.70
AXISBANK,2025-11-24,1269.00,-0.55
AXISBANK,2025-11-25,1266.00,-0.24
AXISBANK,2025-11-26,1290.00,1.90
AXISBANK,2025-11-27,1287.00,-0.23
AXISBANK,2025-11-28,1280.00,-0.54
AXISBANK,2025-12-01,1276.00,-0.31
AXISBANK,2025-12-02,1258.00,-1.41
AXISBANK,2025-12-03,1271.00,1.03
AXISBANK,2025-12-04,1280.00,0.71
AXISBANK,2025-12-05,1283.00,0.23
AXISBANK,2025-12-08,1274.00,-0.70
AXISBANK,2025-12-09,1276.00,0.16
AXISBANK,2025-12-10,1279.00,0.24
AXISBANK,2025-12-11,1273.00,-0.47
AXISBANK,2025-12-12,1286.00,1.02
AXISBANK,2025-12-15,1285.00,-0.08
AXISBANK,2025-12-16,1220.00,-5.06
AXISBANK,2025-12-17,1225.00,0.41
AXISBANK,2025-12-18,1230.00,0.41
AXISBANK,2025-12-19,1231.00,0.08
AXISBANK,2025-12-22,1233.00,0.16
AXISBANK,2025-12-23,1225.00,-0.65
AXISBANK,2025-12-24,1226.00,0.08
AXISBANK,2025-12-26,1228.00,0.16
AXISBANK,2025-12-29,1232.00,0.33
AXISBANK,2025-12-30,1246.00,1.14
AXISBANK,2025-12-31,1269.00,1.85
AXISBANK,2026-01-01,1274.00,0.39
AXISBANK,2026-01-02,1267.00,-0.55
AXISBANK,2026-01-05,1286.00,1.50
AXISBANK,2026-01-06,1294.00,0.62
AXISBANK,2026-01-07,1296.00,0.15
AXISBANK,2026-01-08,1287.00,-0.69
AXISBANK,2026-01-09,1272.00,-1.17
AXISBANK,2026-01-12,1274.00,0.16
AXISBANK,2026-01-13,1262.00,-0.94
AXISBANK,2026-01-14,1299.00,2.93
AXISBANK,2026-01-16,1294.00,-0.38
AXISBANK,2026-01-19,1308.00,1.08
AXISBANK,2026-01-20,1294.00,-1.07
AXISBANK,2026-01-21,1285.00,-0.70
AXISBANK,2026-01-22,1295.00,0.78
AXISBANK,2026-01-23,1258.00,-2.86
AXISBANK,2026-01-27,1316.00,4.61
AXISBANK,2026-01-28,1320.00,0.30
AXISBANK,2026-01-29,1364.00,3.33
AXISBANK,2026-01-30,1370.00,0.44
AXISBANK,2026-02-01,1340.00,-2.19
AXISBANK,2026-02-02,1312.00,-2.09
AXISBANK,2026-02-03,1356.00,3.35
AXISBANK,2026-02-04,1339.00,-1.25
AXISBANK,2026-02-05,1331.00,-0.60
AXISBANK,2026-02-06,1342.00,0.83
AXISBANK,2026-02-09,1341.00,-0.07
AXISBANK,2026-02-10,1357.00,1.19
AXISBANK,2026-02-11,1347.00,-0.74
AXISBANK,2026-02-12,1340.00,-0.52
AXISBANK,2026-02-13,1332.00,-0.60
AXISBANK,2026-02-16,1358.00,1.95
AXISBANK,2026-02-17,1357.00,-0.07
AXISBANK,2026-02-18,1377.00,1.47
AXISBANK,2026-02-19,1357.00,-1.45
AXISBANK,2026-02-20,1368.00,0.81
AXISBANK,2026-02-23,1387.00,1.39
AXISBANK,2026-02-24,1388.00,0.07
AXISBANK,2026-02-25,1403.00,1.08
AXISBANK,2026-02-26,1396.00,-0.50
AXISBANK,2026-02-27,1384.00,-0.86
AXISBANK,2026-03-02,1372.00,-0.87
AXISBANK,2026-03-04,1351.00,-1.53
AXISBANK,2026-03-05,1349.00,-0.15
AXISBANK,2026-03-06,1316.00,-2.45
AXISBANK,2026-03-09,1288.00,-2.13
AXISBANK,2026-03-10,1315.00,2.10
AXISBANK,2026-03-11,1256.00,-4.49
AXISBANK,2026-03-12,1235.00,-1.67
AXISBANK,2026-03-13,1197.00,-3.08
AXISBANK,2026-03-16,1215.00,1.50
AXISBANK,2026-03-17,1228.00,1.07
AXISBANK,2026-03-18,1253.00,2.04
AXISBANK,2026-03-19,1207.00,-3.67
AXISBANK,2026-03-20,1204.00,-0.25
AXISBANK,2026-03-23,1171.00,-2.74
AXISBANK,2026-03-24,1193.00,1.88
AXISBANK,2026-03-25,1222.00,2.43
AXISBANK,2026-03-27,1205.00,-1.39
AXISBANK,2026-03-30,1161.00,-3.65
COALINDIA,2025-09-30,390.00,NULL
COALINDIA,2025-10-01,389.00,-0.26
COALINDIA,2025-10-03,383.00,-1.54
COALINDIA,2025-10-06,382.00,-0.26
COALINDIA,2025-10-07,385.00,0.79
COALINDIA,2025-10-08,382.00,-0.78
COALINDIA,2025-10-09,383.00,0.26
COALINDIA,2025-10-10,385.00,0.52
COALINDIA,2025-10-13,382.00,-0.78
COALINDIA,2025-10-14,381.00,-0.26
COALINDIA,2025-10-15,384.00,0.79
COALINDIA,2025-10-16,388.00,1.04
COALINDIA,2025-10-17,389.00,0.26
COALINDIA,2025-10-20,391.00,0.51
COALINDIA,2025-10-21,391.00,0.00
COALINDIA,2025-10-23,393.00,0.51
COALINDIA,2025-10-24,394.00,0.25
COALINDIA,2025-10-27,397.00,0.76
COALINDIA,2025-10-28,391.00,-1.51
COALINDIA,2025-10-29,382.00,-2.30
COALINDIA,2025-10-30,388.00,1.57
COALINDIA,2025-10-31,389.00,0.26
COALINDIA,2025-11-03,389.00,0.00
COALINDIA,2025-11-04,378.00,-2.83
COALINDIA,2025-11-06,373.00,-1.32
COALINDIA,2025-11-07,376.00,0.80
COALINDIA,2025-11-10,381.00,1.33
COALINDIA,2025-11-11,383.00,0.52
COALINDIA,2025-11-12,387.00,1.04
COALINDIA,2025-11-13,383.00,-1.03
COALINDIA,2025-11-14,387.00,1.04
COALINDIA,2025-11-17,388.00,0.26
COALINDIA,2025-11-18,384.00,-1.03
COALINDIA,2025-11-19,379.00,-1.30
COALINDIA,2025-11-20,380.00,0.26
COALINDIA,2025-11-21,378.00,-0.53
COALINDIA,2025-11-24,373.00,-1.32
COALINDIA,2025-11-25,370.00,-0.80
COALINDIA,2025-11-26,377.00,1.89
COALINDIA,2025-11-27,378.00,0.27
COALINDIA,2025-11-28,376.00,-0.53
COALINDIA,2025-12-01,380.00,1.06
COALINDIA,2025-12-02,379.00,-0.26
COALINDIA,2025-12-03,375.00,-1.06
COALINDIA,2025-12-04,379.00,1.07
COALINDIA,2025-12-05,380.00,0.26
COALINDIA,2025-12-08,377.00,-0.79
COALINDIA,2025-12-09,379.00,0.53
COALINDIA,2025-12-10,382.00,0.79
COALINDIA,2025-12-11,384.00,0.52
COALINDIA,2025-12-12,383.00,-0.26
COALINDIA,2025-12-15,384.00,0.26
COALINDIA,2025-12-16,382.00,-0.52
COALINDIA,2025-12-17,385.00,0.79
COALINDIA,2025-12-18,385.00,0.00
COALINDIA,2025-12-19,386.00,0.26
COALINDIA,2025-12-22,386.00,0.00
COALINDIA,2025-12-23,400.00,3.63
COALINDIA,2025-12-24,402.00,0.50
COALINDIA,2025-12-26,402.00,0.00
COALINDIA,2025-12-29,401.00,-0.25
COALINDIA,2025-12-30,398.00,-0.75
COALINDIA,2025-12-31,399.00,0.25
COALINDIA,2026-01-01,400.00,0.25
COALINDIA,2026-01-02,428.00,7.00
COALINDIA,2026-01-05,427.00,-0.23
COALINDIA,2026-01-06,427.00,0.00
COALINDIA,2026-01-07,432.00,1.17
COALINDIA,2026-01-08,425.00,-1.62
COALINDIA,2026-01-09,418.00,-1.65
COALINDIA,2026-01-12,432.00,3.35
COALINDIA,2026-01-13,429.00,-0.69
COALINDIA,2026-01-14,432.00,0.70
COALINDIA,2026-01-16,431.00,-0.23
COALINDIA,2026-01-19,430.00,-0.23
COALINDIA,2026-01-20,415.00,-3.49
COALINDIA,2026-01-21,414.00,-0.24
COALINDIA,2026-01-22,423.00,2.17
COALINDIA,2026-01-23,418.00,-1.18
COALINDIA,2026-01-27,423.00,1.20
COALINDIA,2026-01-28,444.00,4.96
COALINDIA,2026-01-29,456.00,2.70
COALINDIA,2026-01-30,441.00,-3.29
COALINDIA,2026-02-01,420.00,-4.76
COALINDIA,2026-02-02,424.00,0.95
COALINDIA,2026-02-03,429.00,1.18
COALINDIA,2026-02-04,435.00,1.40
COALINDIA,2026-02-05,432.00,-0.69
COALINDIA,2026-02-06,433.00,0.23
COALINDIA,2026-02-09,432.00,-0.23
COALINDIA,2026-02-10,431.00,-0.23
COALINDIA,2026-02-11,423.00,-1.86
COALINDIA,2026-02-12,419.00,-0.95
COALINDIA,2026-02-13,409.00,-2.39
COALINDIA,2026-02-16,423.00,3.42
COALINDIA,2026-02-17,422.00,-0.24
COALINDIA,2026-02-18,418.00,-0.95
COALINDIA,2026-02-19,416.00,-0.48
COALINDIA,2026-02-20,424.00,1.92
COALINDIA,2026-02-23,426.00,0.47
COALINDIA,2026-02-24,431.00,1.17
COALINDIA,2026-02-25,439.00,1.86
COALINDIA,2026-02-26,434.00,-1.14
COALINDIA,2026-02-27,431.00,-0.69
COALINDIA,2026-03-02,426.00,-1.16
COALINDIA,2026-03-04,435.00,2.11
COALINDIA,2026-03-05,449.00,3.22
COALINDIA,2026-03-06,440.00,-2.00
COALINDIA,2026-03-09,438.00,-0.45
COALINDIA,2026-03-10,444.00,1.37
COALINDIA,2026-03-11,447.00,0.68
COALINDIA,2026-03-12,470.00,5.15
COALINDIA,2026-03-13,467.00,-0.64
COALINDIA,2026-03-16,460.00,-1.50
COALINDIA,2026-03-17,462.00,0.43
COALINDIA,2026-03-18,455.00,-1.52
COALINDIA,2026-03-19,454.00,-0.22
COALINDIA,2026-03-20,468.00,3.08
COALINDIA,2026-03-23,455.00,-2.78
COALINDIA,2026-03-24,442.00,-2.86
COALINDIA,2026-03-25,444.00,0.45
COALINDIA,2026-03-27,445.00,0.23
COALINDIA,2026-03-30,450.00,1.12
HCLTECH,2025-09-30,1385.00,NULL
HCLTECH,2025-10-01,1390.00,0.36
HCLTECH,2025-10-03,1394.00,0.29
HCLTECH,2025-10-06,1418.00,1.72
HCLTECH,2025-10-07,1433.00,1.06
HCLTECH,2025-10-08,1453.00,1.40
HCLTECH,2025-10-09,1487.00,2.34
HCLTECH,2025-10-10,1496.00,0.61
HCLTECH,2025-10-13,1495.00,-0.07
HCLTECH,2025-10-14,1495.00,0.00
HCLTECH,2025-10-15,1496.00,0.07
HCLTECH,2025-10-16,1515.00,1.27
HCLTECH,2025-10-17,1486.00,-1.91
HCLTECH,2025-10-20,1495.00,0.61
HCLTECH,2025-10-21,1486.00,-0.60
HCLTECH,2025-10-23,1524.00,2.56
HCLTECH,2025-10-24,1524.00,0.00
HCLTECH,2025-10-27,1534.00,0.66
HCLTECH,2025-10-28,1522.00,-0.78
HCLTECH,2025-10-29,1557.00,2.30
HCLTECH,2025-10-30,1550.00,-0.45
HCLTECH,2025-10-31,1542.00,-0.52
HCLTECH,2025-11-03,1544.00,0.13
HCLTECH,2025-11-04,1529.00,-0.97
HCLTECH,2025-11-06,1526.00,-0.20
HCLTECH,2025-11-07,1512.00,-0.92
HCLTECH,2025-11-10,1541.00,1.92
HCLTECH,2025-11-11,1570.00,1.88
HCLTECH,2025-11-12,1594.00,1.53
HCLTECH,2025-11-13,1599.00,0.31
HCLTECH,2025-11-14,1595.00,-0.25
HCLTECH,2025-11-17,1606.00,0.69
HCLTECH,2025-11-18,1595.00,-0.68
HCLTECH,2025-11-19,1663.00,4.26
HCLTECH,2025-11-20,1645.00,-1.08
HCLTECH,2025-11-21,1608.00,-2.25
HCLTECH,2025-11-24,1610.00,0.12
HCLTECH,2025-11-25,1601.00,-0.56
HCLTECH,2025-11-26,1618.00,1.06
HCLTECH,2025-11-27,1629.00,0.68
HCLTECH,2025-11-28,1624.00,-0.31
HCLTECH,2025-12-01,1643.00,1.17
HCLTECH,2025-12-02,1636.00,-0.43
HCLTECH,2025-12-03,1641.00,0.31
HCLTECH,2025-12-04,1655.00,0.85
HCLTECH,2025-12-05,1683.00,1.69
HCLTECH,2025-12-08,1689.00,0.36
HCLTECH,2025-12-09,1658.00,-1.84
HCLTECH,2025-12-10,1666.00,0.48
HCLTECH,2025-12-11,1672.00,0.36
HCLTECH,2025-12-12,1673.00,0.06
HCLTECH,2025-12-15,1684.00,0.66
HCLTECH,2025-12-16,1652.00,-1.90
HCLTECH,2025-12-17,1655.00,0.18
HCLTECH,2025-12-18,1661.00,0.36
HCLTECH,2025-12-19,1642.00,-1.14
HCLTECH,2025-12-22,1670.00,1.71
HCLTECH,2025-12-23,1680.00,0.60
HCLTECH,2025-12-24,1675.00,-0.30
HCLTECH,2025-12-26,1661.00,-0.84
HCLTECH,2025-12-29,1631.00,-1.81
HCLTECH,2025-12-30,1615.00,-0.98
HCLTECH,2025-12-31,1623.00,0.50
HCLTECH,2026-01-01,1635.00,0.74
HCLTECH,2026-01-02,1640.00,0.31
HCLTECH,2026-01-05,1608.00,-1.95
HCLTECH,2026-01-06,1616.00,0.50
HCLTECH,2026-01-07,1648.00,1.98
HCLTECH,2026-01-08,1647.00,-0.06
HCLTECH,2026-01-09,1661.00,0.85
HCLTECH,2026-01-12,1668.00,0.42
HCLTECH,2026-01-13,1665.00,-0.18
HCLTECH,2026-01-14,1669.00,0.24
HCLTECH,2026-01-16,1698.00,1.74
HCLTECH,2026-01-19,1717.00,1.12
HCLTECH,2026-01-20,1687.00,-1.75
HCLTECH,2026-01-21,1683.00,-0.24
HCLTECH,2026-01-22,1703.00,1.19
HCLTECH,2026-01-23,1707.00,0.23
HCLTECH,2026-01-27,1720.00,0.76
HCLTECH,2026-01-28,1730.00,0.58
HCLTECH,2026-01-29,1722.00,-0.46
HCLTECH,2026-01-30,1696.00,-1.51
HCLTECH,2026-02-01,1666.00,-1.77
HCLTECH,2026-02-02,1677.00,0.66
HCLTECH,2026-02-03,1695.00,1.07
HCLTECH,2026-02-04,1622.00,-4.31
HCLTECH,2026-02-05,1610.00,-0.74
HCLTECH,2026-02-06,1594.00,-0.99
HCLTECH,2026-02-09,1602.00,0.50
HCLTECH,2026-02-10,1573.00,-1.81
HCLTECH,2026-02-11,1552.00,-1.34
HCLTECH,2026-02-12,1476.00,-4.90
HCLTECH,2026-02-13,1455.00,-1.42
HCLTECH,2026-02-16,1462.00,0.48
HCLTECH,2026-02-17,1483.00,1.44
HCLTECH,2026-02-18,1467.00,-1.08
HCLTECH,2026-02-19,1450.00,-1.16
HCLTECH,2026-02-20,1437.00,-0.90
HCLTECH,2026-02-23,1426.00,-0.77
HCLTECH,2026-02-24,1339.00,-6.10
HCLTECH,2026-02-25,1378.00,2.91
HCLTECH,2026-02-26,1374.00,-0.29
HCLTECH,2026-02-27,1389.00,1.09
HCLTECH,2026-03-02,1371.00,-1.30
HCLTECH,2026-03-04,1364.00,-0.51
HCLTECH,2026-03-05,1354.00,-0.73
HCLTECH,2026-03-06,1357.00,0.22
HCLTECH,2026-03-09,1359.00,0.15
HCLTECH,2026-03-10,1362.00,0.22
HCLTECH,2026-03-11,1350.00,-0.88
HCLTECH,2026-03-12,1358.00,0.59
HCLTECH,2026-03-13,1325.00,-2.43
HCLTECH,2026-03-16,1329.00,0.30
HCLTECH,2026-03-17,1321.00,-0.60
HCLTECH,2026-03-18,1357.00,2.73
HCLTECH,2026-03-19,1312.00,-3.32
HCLTECH,2026-03-20,1334.00,1.68
HCLTECH,2026-03-23,1359.00,1.87
HCLTECH,2026-03-24,1373.00,1.03
HCLTECH,2026-03-25,1381.00,0.58
HCLTECH,2026-03-27,1364.00,-1.23
HCLTECH,2026-03-30,1342.00,-1.61
HDFCBANK,2025-09-30,951.00,NULL
HDFCBANK,2025-10-01,965.00,1.47
HDFCBANK,2025-10-03,965.00,0.00
HDFCBANK,2025-10-06,973.00,0.83
HDFCBANK,2025-10-07,983.00,1.03
HDFCBANK,2025-10-08,979.00,-0.41
HDFCBANK,2025-10-09,977.00,-0.20
HDFCBANK,2025-10-10,981.00,0.41
HDFCBANK,2025-10-13,977.00,-0.41
HDFCBANK,2025-10-14,977.00,0.00
HDFCBANK,2025-10-15,978.00,0.10
HDFCBANK,2025-10-16,994.00,1.64
HDFCBANK,2025-10-17,1003.00,0.91
HDFCBANK,2025-10-20,1003.00,0.00
HDFCBANK,2025-10-21,1008.00,0.50
HDFCBANK,2025-10-23,1009.00,0.10
HDFCBANK,2025-10-24,995.00,-1.39
HDFCBANK,2025-10-27,1003.00,0.80
HDFCBANK,2025-10-28,1004.00,0.10
HDFCBANK,2025-10-29,1008.00,0.40
HDFCBANK,2025-10-30,998.00,-0.99
HDFCBANK,2025-10-31,987.00,-1.10
HDFCBANK,2025-11-03,993.00,0.61
HDFCBANK,2025-11-04,985.00,-0.81
HDFCBANK,2025-11-06,985.00,0.00
HDFCBANK,2025-11-07,982.00,-0.30
HDFCBANK,2025-11-10,985.00,0.31
HDFCBANK,2025-11-11,992.00,0.71
HDFCBANK,2025-11-12,990.00,-0.20
HDFCBANK,2025-11-13,987.00,-0.30
HDFCBANK,2025-11-14,990.00,0.30
HDFCBANK,2025-11-17,997.00,0.71
HDFCBANK,2025-11-18,992.00,-0.50
HDFCBANK,2025-11-19,995.00,0.30
HDFCBANK,2025-11-20,1009.00,1.41
HDFCBANK,2025-11-21,998.00,-1.09
HDFCBANK,2025-11-24,999.00,0.10
HDFCBANK,2025-11-25,990.00,-0.90
HDFCBANK,2025-11-26,1004.00,1.41
HDFCBANK,2025-11-27,1010.00,0.60
HDFCBANK,2025-11-28,1008.00,-0.20
HDFCBANK,2025-12-01,1002.00,-0.60
HDFCBANK,2025-12-02,990.00,-1.20
HDFCBANK,2025-12-03,1001.00,1.11
HDFCBANK,2025-12-04,997.00,-0.40
HDFCBANK,2025-12-05,1003.00,0.60
HDFCBANK,2025-12-08,1003.00,0.00
HDFCBANK,2025-12-09,997.00,-0.60
HDFCBANK,2025-12-10,990.00,-0.70
HDFCBANK,2025-12-11,1000.00,1.01
HDFCBANK,2025-12-12,1002.00,0.20
HDFCBANK,2025-12-15,996.00,-0.60
HDFCBANK,2025-12-16,994.00,-0.20
HDFCBANK,2025-12-17,984.00,-1.01
HDFCBANK,2025-12-18,980.00,-0.41
HDFCBANK,2025-12-19,986.00,0.61
HDFCBANK,2025-12-22,988.00,0.20
HDFCBANK,2025-12-23,997.00,0.91
HDFCBANK,2025-12-24,997.00,0.00
HDFCBANK,2025-12-26,992.00,-0.50
HDFCBANK,2025-12-29,992.00,0.00
HDFCBANK,2025-12-30,991.00,-0.10
HDFCBANK,2025-12-31,991.00,0.00
HDFCBANK,2026-01-01,991.00,0.00
HDFCBANK,2026-01-02,1002.00,1.11
HDFCBANK,2026-01-05,978.00,-2.40
HDFCBANK,2026-01-06,962.00,-1.64
HDFCBANK,2026-01-07,949.00,-1.35
HDFCBANK,2026-01-08,947.00,-0.21
HDFCBANK,2026-01-09,939.00,-0.84
HDFCBANK,2026-01-12,937.00,-0.21
HDFCBANK,2026-01-13,937.00,0.00
HDFCBANK,2026-01-14,925.00,-1.28
HDFCBANK,2026-01-16,931.00,0.65
HDFCBANK,2026-01-19,928.00,-0.32
HDFCBANK,2026-01-20,931.00,0.32
HDFCBANK,2026-01-21,920.00,-1.18
HDFCBANK,2026-01-22,919.00,-0.11
HDFCBANK,2026-01-23,916.00,-0.33
HDFCBANK,2026-01-27,926.00,1.09
HDFCBANK,2026-01-28,933.00,0.76
HDFCBANK,2026-01-29,936.00,0.32
HDFCBANK,2026-01-30,929.00,-0.75
HDFCBANK,2026-02-01,922.00,-0.75
HDFCBANK,2026-02-02,928.00,0.65
HDFCBANK,2026-02-03,949.00,2.26
HDFCBANK,2026-02-04,953.00,0.42
HDFCBANK,2026-02-05,950.00,-0.31
HDFCBANK,2026-02-06,941.00,-0.95
HDFCBANK,2026-02-09,937.00,-0.43
HDFCBANK,2026-02-10,932.00,-0.53
HDFCBANK,2026-02-11,927.00,-0.54
HDFCBANK,2026-02-12,921.00,-0.65
HDFCBANK,2026-02-13,904.00,-1.85
HDFCBANK,2026-02-16,926.00,2.43
HDFCBANK,2026-02-17,926.00,0.00
HDFCBANK,2026-02-18,925.00,-0.11
HDFCBANK,2026-02-19,916.00,-0.97
HDFCBANK,2026-02-20,912.00,-0.44
HDFCBANK,2026-02-23,924.00,1.32
HDFCBANK,2026-02-24,911.00,-1.41
HDFCBANK,2026-02-25,908.00,-0.33
HDFCBANK,2026-02-26,899.00,-0.99
HDFCBANK,2026-02-27,888.00,-1.22
HDFCBANK,2026-03-02,879.00,-1.01
HDFCBANK,2026-03-04,869.00,-1.14
HDFCBANK,2026-03-05,878.00,1.04
HDFCBANK,2026-03-06,857.00,-2.39
HDFCBANK,2026-03-09,841.00,-1.87
HDFCBANK,2026-03-10,849.00,0.95
HDFCBANK,2026-03-11,834.00,-1.77
HDFCBANK,2026-03-12,833.00,-0.12
HDFCBANK,2026-03-13,817.00,-1.92
HDFCBANK,2026-03-16,841.00,2.94
HDFCBANK,2026-03-17,845.00,0.48
HDFCBANK,2026-03-18,843.00,-0.24
HDFCBANK,2026-03-19,798.00,-5.34
HDFCBANK,2026-03-20,780.00,-2.26
HDFCBANK,2026-03-23,744.00,-4.62
HDFCBANK,2026-03-24,765.00,2.82
HDFCBANK,2026-03-25,782.00,2.22
HDFCBANK,2026-03-27,756.00,-3.32
HDFCBANK,2026-03-30,732.00,-3.17
HINDUNILVR,2025-09-30,2514.00,NULL
HINDUNILVR,2025-10-01,2536.00,0.88
HINDUNILVR,2025-10-03,2545.00,0.35
HINDUNILVR,2025-10-06,2542.00,-0.12
HINDUNILVR,2025-10-07,2517.00,-0.98
HINDUNILVR,2025-10-08,2500.00,-0.68
HINDUNILVR,2025-10-09,2518.00,0.72
HINDUNILVR,2025-10-10,2529.00,0.44
HINDUNILVR,2025-10-13,2493.00,-1.42
HINDUNILVR,2025-10-14,2502.00,0.36
HINDUNILVR,2025-10-15,2519.00,0.68
HINDUNILVR,2025-10-16,2562.00,1.71
HINDUNILVR,2025-10-17,2604.00,1.64
HINDUNILVR,2025-10-20,2594.00,-0.38
HINDUNILVR,2025-10-21,2592.00,-0.08
HINDUNILVR,2025-10-23,2602.00,0.39
HINDUNILVR,2025-10-24,2516.00,-3.31
HINDUNILVR,2025-10-27,2512.00,-0.16
HINDUNILVR,2025-10-28,2497.00,-0.60
HINDUNILVR,2025-10-29,2488.00,-0.36
HINDUNILVR,2025-10-30,2470.00,-0.72
HINDUNILVR,2025-10-31,2466.00,-0.16
HINDUNILVR,2025-11-03,2460.00,-0.24
HINDUNILVR,2025-11-04,2446.00,-0.57
HINDUNILVR,2025-11-06,2436.00,-0.41
HINDUNILVR,2025-11-07,2414.00,-0.90
HINDUNILVR,2025-11-10,2409.00,-0.21
HINDUNILVR,2025-11-11,2428.00,0.79
HINDUNILVR,2025-11-12,2425.00,-0.12
HINDUNILVR,2025-11-13,2408.00,-0.70
HINDUNILVR,2025-11-14,2428.00,0.83
HINDUNILVR,2025-11-17,2425.00,-0.12
HINDUNILVR,2025-11-18,2404.00,-0.87
HINDUNILVR,2025-11-19,2442.00,1.58
HINDUNILVR,2025-11-20,2428.00,-0.57
HINDUNILVR,2025-11-21,2434.00,0.25
HINDUNILVR,2025-11-24,2424.00,-0.41
HINDUNILVR,2025-11-25,2414.00,-0.41
HINDUNILVR,2025-11-26,2425.00,0.46
HINDUNILVR,2025-11-27,2452.00,1.11
HINDUNILVR,2025-11-28,2426.00,-1.06
HINDUNILVR,2025-12-01,2424.00,-0.08
HINDUNILVR,2025-12-02,2437.00,0.54
HINDUNILVR,2025-12-03,2408.00,-1.19
HINDUNILVR,2025-12-04,2422.00,0.58
HINDUNILVR,2025-12-05,2339.00,-3.43
HINDUNILVR,2025-12-08,2314.00,-1.07
HINDUNILVR,2025-12-09,2307.00,-0.30
HINDUNILVR,2025-12-10,2302.00,-0.22
HINDUNILVR,2025-12-11,2306.00,0.17
HINDUNILVR,2025-12-12,2261.00,-1.95
HINDUNILVR,2025-12-15,2294.00,1.46
HINDUNILVR,2025-12-16,2281.00,-0.57
HINDUNILVR,2025-12-17,2276.00,-0.22
HINDUNILVR,2025-12-18,2266.00,-0.44
HINDUNILVR,2025-12-19,2280.00,0.62
HINDUNILVR,2025-12-22,2290.00,0.44
HINDUNILVR,2025-12-23,2303.00,0.57
HINDUNILVR,2025-12-24,2282.00,-0.91
HINDUNILVR,2025-12-26,2285.00,0.13
HINDUNILVR,2025-12-29,2293.00,0.35
HINDUNILVR,2025-12-30,2290.00,-0.13
HINDUNILVR,2025-12-31,2316.00,1.14
HINDUNILVR,2026-01-01,2323.00,0.30
HINDUNILVR,2026-01-02,2348.00,1.08
HINDUNILVR,2026-01-05,2384.00,1.53
HINDUNILVR,2026-01-06,2425.00,1.72
HINDUNILVR,2026-01-07,2399.00,-1.07
HINDUNILVR,2026-01-08,2387.00,-0.50
HINDUNILVR,2026-01-09,2373.00,-0.59
HINDUNILVR,2026-01-12,2406.00,1.39
HINDUNILVR,2026-01-13,2390.00,-0.67
HINDUNILVR,2026-01-14,2354.00,-1.51
HINDUNILVR,2026-01-16,2360.00,0.25
HINDUNILVR,2026-01-19,2414.00,2.29
HINDUNILVR,2026-01-20,2379.00,-1.45
HINDUNILVR,2026-01-21,2368.00,-0.46
HINDUNILVR,2026-01-22,2391.00,0.97
HINDUNILVR,2026-01-23,2410.00,0.79
HINDUNILVR,2026-01-27,2401.00,-0.37
HINDUNILVR,2026-01-28,2378.00,-0.96
HINDUNILVR,2026-01-29,2353.00,-1.05
HINDUNILVR,2026-01-30,2373.00,0.85
HINDUNILVR,2026-02-01,2351.00,-0.93
HINDUNILVR,2026-02-02,2357.00,0.26
HINDUNILVR,2026-02-03,2369.00,0.51
HINDUNILVR,2026-02-04,2371.00,0.08
HINDUNILVR,2026-02-05,2354.00,-0.72
HINDUNILVR,2026-02-06,2424.00,2.97
HINDUNILVR,2026-02-09,2435.00,0.45
HINDUNILVR,2026-02-10,2454.00,0.78
HINDUNILVR,2026-02-11,2463.00,0.37
HINDUNILVR,2026-02-12,2410.00,-2.15
HINDUNILVR,2026-02-13,2305.00,-4.36
HINDUNILVR,2026-02-16,2319.00,0.61
HINDUNILVR,2026-02-17,2312.00,-0.30
HINDUNILVR,2026-02-18,2324.00,0.52
HINDUNILVR,2026-02-19,2279.00,-1.94
HINDUNILVR,2026-02-20,2315.00,1.58
HINDUNILVR,2026-02-23,2345.00,1.30
HINDUNILVR,2026-02-24,2359.00,0.60
HINDUNILVR,2026-02-25,2375.00,0.68
HINDUNILVR,2026-02-26,2383.00,0.34
HINDUNILVR,2026-02-27,2338.00,-1.89
HINDUNILVR,2026-03-02,2321.00,-0.73
HINDUNILVR,2026-03-04,2261.00,-2.59
HINDUNILVR,2026-03-05,2255.00,-0.27
HINDUNILVR,2026-03-06,2226.00,-1.29
HINDUNILVR,2026-03-09,2195.00,-1.39
HINDUNILVR,2026-03-10,2190.00,-0.23
HINDUNILVR,2026-03-11,2161.00,-1.32
HINDUNILVR,2026-03-12,2137.00,-1.11
HINDUNILVR,2026-03-13,2160.00,1.08
HINDUNILVR,2026-03-16,2176.00,0.74
HINDUNILVR,2026-03-17,2158.00,-0.83
HINDUNILVR,2026-03-18,2135.00,-1.07
HINDUNILVR,2026-03-19,2077.00,-2.72
HINDUNILVR,2026-03-20,2083.00,0.29
HINDUNILVR,2026-03-23,2052.00,-1.49
HINDUNILVR,2026-03-24,2085.00,1.61
HINDUNILVR,2026-03-25,2135.00,2.40
HINDUNILVR,2026-03-27,2074.00,-2.86
HINDUNILVR,2026-03-30,2055.00,-0.92
ICICIBANK,2025-09-30,1348.00,NULL
ICICIBANK,2025-10-01,1372.00,1.78
ICICIBANK,2025-10-03,1365.00,-0.51
ICICIBANK,2025-10-06,1363.00,-0.15
ICICIBANK,2025-10-07,1376.00,0.95
ICICIBANK,2025-10-08,1370.00,-0.44
ICICIBANK,2025-10-09,1376.00,0.44
ICICIBANK,2025-10-10,1380.00,0.29
ICICIBANK,2025-10-13,1379.00,-0.07
ICICIBANK,2025-10-14,1384.00,0.36
ICICIBANK,2025-10-15,1398.00,1.01
ICICIBANK,2025-10-16,1417.00,1.36
ICICIBANK,2025-10-17,1437.00,1.41
ICICIBANK,2025-10-20,1390.00,-3.27
ICICIBANK,2025-10-21,1382.00,-0.58
ICICIBANK,2025-10-23,1364.00,-1.30
ICICIBANK,2025-10-24,1378.00,1.03
ICICIBANK,2025-10-27,1378.00,0.00
ICICIBANK,2025-10-28,1363.00,-1.09
ICICIBANK,2025-10-29,1370.00,0.51
ICICIBANK,2025-10-30,1362.00,-0.58
ICICIBANK,2025-10-31,1345.00,-1.25
ICICIBANK,2025-11-03,1346.00,0.07
ICICIBANK,2025-11-04,1337.00,-0.67
ICICIBANK,2025-11-06,1320.00,-1.27
ICICIBANK,2025-11-07,1343.00,1.74
ICICIBANK,2025-11-10,1348.00,0.37
ICICIBANK,2025-11-11,1358.00,0.74
ICICIBANK,2025-11-12,1359.00,0.07
ICICIBANK,2025-11-13,1386.00,1.99
ICICIBANK,2025-11-14,1373.00,-0.94
ICICIBANK,2025-11-17,1379.00,0.44
ICICIBANK,2025-11-18,1373.00,-0.44
ICICIBANK,2025-11-19,1383.00,0.73
ICICIBANK,2025-11-20,1383.00,0.00
ICICIBANK,2025-11-21,1370.00,-0.94
ICICIBANK,2025-11-24,1368.00,-0.15
ICICIBANK,2025-11-25,1358.00,-0.73
ICICIBANK,2025-11-26,1375.00,1.25
ICICIBANK,2025-11-27,1392.00,1.24
ICICIBANK,2025-11-28,1389.00,-0.22
ICICIBANK,2025-12-01,1390.00,0.07
ICICIBANK,2025-12-02,1373.00,-1.22
ICICIBANK,2025-12-03,1392.00,1.38
ICICIBANK,2025-12-04,1387.00,-0.36
ICICIBANK,2025-12-05,1393.00,0.43
ICICIBANK,2025-12-08,1390.00,-0.22
ICICIBANK,2025-12-09,1375.00,-1.08
ICICIBANK,2025-12-10,1364.00,-0.80
ICICIBANK,2025-12-11,1360.00,-0.29
ICICIBANK,2025-12-12,1366.00,0.44
ICICIBANK,2025-12-15,1365.00,-0.07
ICICIBANK,2025-12-16,1366.00,0.07
ICICIBANK,2025-12-17,1352.00,-1.02
ICICIBANK,2025-12-18,1357.00,0.37
ICICIBANK,2025-12-19,1354.00,-0.22
ICICIBANK,2025-12-22,1369.00,1.11
ICICIBANK,2025-12-23,1363.00,-0.44
ICICIBANK,2025-12-24,1360.00,-0.22
ICICIBANK,2025-12-26,1350.00,-0.74
ICICIBANK,2025-12-29,1343.00,-0.52
ICICIBANK,2025-12-30,1343.00,0.00
ICICIBANK,2025-12-31,1343.00,0.00
ICICIBANK,2026-01-01,1338.00,-0.37
ICICIBANK,2026-01-02,1355.00,1.27
ICICIBANK,2026-01-05,1372.00,1.25
ICICIBANK,2026-01-06,1411.00,2.84
ICICIBANK,2026-01-07,1428.00,1.20
ICICIBANK,2026-01-08,1435.00,0.49
ICICIBANK,2026-01-09,1404.00,-2.16
ICICIBANK,2026-01-12,1413.00,0.64
ICICIBANK,2026-01-13,1437.00,1.70
ICICIBANK,2026-01-14,1418.00,-1.32
ICICIBANK,2026-01-16,1411.00,-0.49
ICICIBANK,2026-01-19,1381.00,-2.13
ICICIBANK,2026-01-20,1376.00,-0.36
ICICIBANK,2026-01-21,1349.00,-1.96
ICICIBANK,2026-01-22,1346.00,-0.22
ICICIBANK,2026-01-23,1343.00,-0.22
ICICIBANK,2026-01-27,1361.00,1.34
ICICIBANK,2026-01-28,1368.00,0.51
ICICIBANK,2026-01-29,1384.00,1.17
ICICIBANK,2026-01-30,1355.00,-2.10
ICICIBANK,2026-02-01,1334.00,-1.55
ICICIBANK,2026-02-02,1353.00,1.42
ICICIBANK,2026-02-03,1390.00,2.73
ICICIBANK,2026-02-04,1408.00,1.29
ICICIBANK,2026-02-05,1397.00,-0.78
ICICIBANK,2026-02-06,1406.00,0.64
ICICIBANK,2026-02-09,1396.00,-0.71
ICICIBANK,2026-02-10,1407.00,0.79
ICICIBANK,2026-02-11,1406.00,-0.07
ICICIBANK,2026-02-12,1430.00,1.71
ICICIBANK,2026-02-13,1415.00,-1.05
ICICIBANK,2026-02-16,1412.00,-0.21
ICICIBANK,2026-02-17,1408.00,-0.28
ICICIBANK,2026-02-18,1408.00,0.00
ICICIBANK,2026-02-19,1389.00,-1.35
ICICIBANK,2026-02-20,1395.00,0.43
ICICIBANK,2026-02-23,1399.00,0.29
ICICIBANK,2026-02-24,1385.00,-1.00
ICICIBANK,2026-02-25,1401.00,1.16
ICICIBANK,2026-02-26,1405.00,0.29
ICICIBANK,2026-02-27,1379.00,-1.85
ICICIBANK,2026-03-02,1374.00,-0.36
ICICIBANK,2026-03-04,1365.00,-0.66
ICICIBANK,2026-03-05,1358.00,-0.51
ICICIBANK,2026-03-06,1313.00,-3.31
ICICIBANK,2026-03-09,1278.00,-2.67
ICICIBANK,2026-03-10,1312.00,2.66
ICICIBANK,2026-03-11,1295.00,-1.30
ICICIBANK,2026-03-12,1267.00,-2.16
ICICIBANK,2026-03-13,1255.00,-0.95
ICICIBANK,2026-03-16,1273.00,1.43
ICICIBANK,2026-03-17,1289.00,1.26
ICICIBANK,2026-03-18,1289.00,0.00
ICICIBANK,2026-03-19,1250.00,-3.03
ICICIBANK,2026-03-20,1245.00,-0.40
ICICIBANK,2026-03-23,1223.00,-1.77
ICICIBANK,2026-03-24,1251.00,2.29
ICICIBANK,2026-03-25,1260.00,0.72
ICICIBANK,2026-03-27,1234.00,-2.06
ICICIBANK,2026-03-30,1206.00,-2.27
INFY,2025-09-30,1442.00,NULL
INFY,2025-10-01,1446.00,0.28
INFY,2025-10-03,1447.00,0.07
INFY,2025-10-06,1476.00,2.00
INFY,2025-10-07,1459.00,-1.15
INFY,2025-10-08,1495.00,2.47
INFY,2025-10-09,1509.00,0.94
INFY,2025-10-10,1515.00,0.40
INFY,2025-10-13,1493.00,-1.45
INFY,2025-10-14,1490.00,-0.20
INFY,2025-10-15,1474.00,-1.07
INFY,2025-10-16,1472.00,-0.14
INFY,2025-10-17,1441.00,-2.11
INFY,2025-10-20,1461.00,1.39
INFY,2025-10-21,1472.00,0.75
INFY,2025-10-23,1529.00,3.87
INFY,2025-10-24,1525.00,-0.26
INFY,2025-10-27,1505.00,-1.31
INFY,2025-10-28,1500.00,-0.33
INFY,2025-10-29,1510.00,0.67
INFY,2025-10-30,1494.00,-1.06
INFY,2025-10-31,1482.00,-0.80
INFY,2025-11-03,1486.00,0.27
INFY,2025-11-04,1468.00,-1.21
INFY,2025-11-06,1467.00,-0.07
INFY,2025-11-07,1477.00,0.68
INFY,2025-11-10,1514.00,2.51
INFY,2025-11-11,1530.00,1.06
INFY,2025-11-12,1552.00,1.44
INFY,2025-11-13,1542.00,-0.64
INFY,2025-11-14,1503.00,-2.53
INFY,2025-11-17,1508.00,0.33
INFY,2025-11-18,1486.00,-1.46
INFY,2025-11-19,1541.00,3.70
INFY,2025-11-20,1537.00,-0.26
INFY,2025-11-21,1545.00,0.52
INFY,2025-11-24,1548.00,0.19
INFY,2025-11-25,1531.00,-1.10
INFY,2025-11-26,1558.00,1.76
INFY,2025-11-27,1566.00,0.51
INFY,2025-11-28,1560.00,-0.38
INFY,2025-12-01,1564.00,0.26
INFY,2025-12-02,1561.00,-0.19
INFY,2025-12-03,1579.00,1.15
INFY,2025-12-04,1598.00,1.20
INFY,2025-12-05,1616.00,1.13
INFY,2025-12-08,1611.00,-0.31
INFY,2025-12-09,1599.00,-0.74
INFY,2025-12-10,1585.00,-0.88
INFY,2025-12-11,1598.00,0.82
INFY,2025-12-12,1598.00,0.00
INFY,2025-12-15,1607.00,0.56
INFY,2025-12-16,1593.00,-0.87
INFY,2025-12-17,1602.00,0.56
INFY,2025-12-18,1627.00,1.56
INFY,2025-12-19,1639.00,0.74
INFY,2025-12-22,1690.00,3.11
INFY,2025-12-23,1668.00,-1.30
INFY,2025-12-24,1663.00,-0.30
INFY,2025-12-26,1656.00,-0.42
INFY,2025-12-29,1645.00,-0.66
INFY,2025-12-30,1622.00,-1.40
INFY,2025-12-31,1615.00,-0.43
INFY,2026-01-01,1630.00,0.93
INFY,2026-01-02,1640.00,0.61
INFY,2026-01-05,1606.00,-2.07
INFY,2026-01-06,1612.00,0.37
INFY,2026-01-07,1639.00,1.67
INFY,2026-01-08,1613.00,-1.59
INFY,2026-01-09,1614.00,0.06
INFY,2026-01-12,1596.00,-1.12
INFY,2026-01-13,1599.00,0.19
INFY,2026-01-14,1600.00,0.06
INFY,2026-01-16,1690.00,5.63
INFY,2026-01-19,1681.00,-0.53
INFY,2026-01-20,1659.00,-1.31
INFY,2026-01-21,1654.00,-0.30
INFY,2026-01-22,1664.00,0.60
INFY,2026-01-23,1671.00,0.42
INFY,2026-01-27,1683.00,0.72
INFY,2026-01-28,1667.00,-0.95
INFY,2026-01-29,1660.00,-0.42
INFY,2026-01-30,1641.00,-1.14
INFY,2026-02-01,1655.00,0.85
INFY,2026-02-02,1629.00,-1.57
INFY,2026-02-03,1656.00,1.66
INFY,2026-02-04,1536.00,-7.25
INFY,2026-02-05,1520.00,-1.04
INFY,2026-02-06,1507.00,-0.86
INFY,2026-02-09,1497.00,-0.66
INFY,2026-02-10,1498.00,0.07
INFY,2026-02-11,1472.00,-1.74
INFY,2026-02-12,1386.00,-5.84
INFY,2026-02-13,1369.00,-1.23
INFY,2026-02-16,1366.00,-0.22
INFY,2026-02-17,1391.00,1.83
INFY,2026-02-18,1374.00,-1.22
INFY,2026-02-19,1371.00,-0.22
INFY,2026-02-20,1353.00,-1.31
INFY,2026-02-23,1328.00,-1.85
INFY,2026-02-24,1276.00,-3.92
INFY,2026-02-25,1290.00,1.10
INFY,2026-02-26,1289.00,-0.08
INFY,2026-02-27,1300.00,0.85
INFY,2026-03-02,1289.00,-0.85
INFY,2026-03-04,1307.00,1.40
INFY,2026-03-05,1306.00,-0.08
INFY,2026-03-06,1308.00,0.15
INFY,2026-03-09,1315.00,0.54
INFY,2026-03-10,1296.00,-1.44
INFY,2026-03-11,1276.00,-1.54
INFY,2026-03-12,1266.00,-0.78
INFY,2026-03-13,1248.00,-1.42
INFY,2026-03-16,1250.00,0.16
INFY,2026-03-17,1233.00,-1.36
INFY,2026-03-18,1267.00,2.76
INFY,2026-03-19,1221.00,-3.63
INFY,2026-03-20,1256.00,2.87
INFY,2026-03-23,1257.00,0.08
INFY,2026-03-24,1278.00,1.67
INFY,2026-03-25,1279.00,0.08
INFY,2026-03-27,1270.00,-0.70
INFY,2026-03-30,1251.00,-1.50
ITC,2025-09-30,401.55,NULL
ITC,2025-10-01,405.60,1.01
ITC,2025-10-03,404.30,-0.32
ITC,2025-10-06,400.75,-0.88
ITC,2025-10-07,399.80,-0.24
ITC,2025-10-08,399.75,-0.01
ITC,2025-10-09,399.90,0.04
ITC,2025-10-10,402.80,0.73
ITC,2025-10-13,399.25,-0.88
ITC,2025-10-14,396.80,-0.61
ITC,2025-10-15,399.90,0.78
ITC,2025-10-16,405.15,1.31
ITC,2025-10-17,412.15,1.73
ITC,2025-10-20,413.05,0.22
ITC,2025-10-21,412.85,-0.05
ITC,2025-10-23,415.95,0.75
ITC,2025-10-24,416.80,0.20
ITC,2025-10-27,420.65,0.92
ITC,2025-10-28,417.90,-0.65
ITC,2025-10-29,421.60,0.89
ITC,2025-10-30,418.75,-0.68
ITC,2025-10-31,420.35,0.38
ITC,2025-11-03,413.95,-1.52
ITC,2025-11-04,408.90,-1.22
ITC,2025-11-06,407.50,-0.34
ITC,2025-11-07,404.05,-0.85
ITC,2025-11-10,405.55,0.37
ITC,2025-11-11,406.85,0.32
ITC,2025-11-12,407.00,0.04
ITC,2025-11-13,405.70,-0.32
ITC,2025-11-14,408.15,0.60
ITC,2025-11-17,407.10,-0.26
ITC,2025-11-18,405.85,-0.31
ITC,2025-11-19,403.55,-0.57
ITC,2025-11-20,405.45,0.47
ITC,2025-11-21,407.85,0.59
ITC,2025-11-24,403.55,-1.05
ITC,2025-11-25,400.80,-0.68
ITC,2025-11-26,402.30,0.37
ITC,2025-11-27,404.30,0.50
ITC,2025-11-28,404.25,-0.01
ITC,2025-12-01,404.25,0.00
ITC,2025-12-02,400.95,-0.82
ITC,2025-12-03,400.50,-0.11
ITC,2025-12-04,403.05,0.64
ITC,2025-12-05,404.95,0.47
ITC,2025-12-08,402.30,-0.65
ITC,2025-12-09,401.05,-0.31
ITC,2025-12-10,403.15,0.52
ITC,2025-12-11,402.90,-0.06
ITC,2025-12-12,400.10,-0.69
ITC,2025-12-15,402.30,0.55
ITC,2025-12-16,401.70,-0.15
ITC,2025-12-17,399.80,-0.47
ITC,2025-12-18,400.40,0.15
ITC,2025-12-19,401.05,0.16
ITC,2025-12-22,402.70,0.41
ITC,2025-12-23,407.35,1.15
ITC,2025-12-24,406.60,-0.18
ITC,2025-12-26,404.15,-0.60
ITC,2025-12-29,402.60,-0.38
ITC,2025-12-30,400.60,-0.50
ITC,2025-12-31,403.00,0.60
ITC,2026-01-01,363.85,-9.71
ITC,2026-01-02,350.05,-3.79
ITC,2026-01-05,349.70,-0.10
ITC,2026-01-06,342.45,-2.07
ITC,2026-01-07,341.25,-0.35
ITC,2026-01-08,340.90,-0.10
ITC,2026-01-09,337.15,-1.10
ITC,2026-01-12,338.40,0.37
ITC,2026-01-13,334.70,-1.09
ITC,2026-01-14,334.75,0.01
ITC,2026-01-16,329.20,-1.66
ITC,2026-01-19,333.20,1.22
ITC,2026-01-20,326.30,-2.07
ITC,2026-01-21,324.75,-0.48
ITC,2026-01-22,324.85,0.03
ITC,2026-01-23,323.40,-0.45
ITC,2026-01-27,318.65,-1.47
ITC,2026-01-28,321.15,0.78
ITC,2026-01-29,318.60,-0.79
ITC,2026-01-30,322.15,1.11
ITC,2026-02-01,309.45,-3.94
ITC,2026-02-02,314.70,1.70
ITC,2026-02-03,316.65,0.62
ITC,2026-02-04,313.85,-0.88
ITC,2026-02-05,310.20,-1.16
ITC,2026-02-06,325.80,5.03
ITC,2026-02-09,322.80,-0.92
ITC,2026-02-10,321.40,-0.43
ITC,2026-02-11,318.25,-0.98
ITC,2026-02-12,317.45,-0.25
ITC,2026-02-13,313.75,-1.17
ITC,2026-02-16,317.95,1.34
ITC,2026-02-17,325.45,2.36
ITC,2026-02-18,332.45,2.15
ITC,2026-02-19,326.00,-1.94
ITC,2026-02-20,327.00,0.31
ITC,2026-02-23,325.40,-0.49
ITC,2026-02-24,323.50,-0.58
ITC,2026-02-25,319.75,-1.16
ITC,2026-02-26,318.30,-0.45
ITC,2026-02-27,313.60,-1.48
ITC,2026-03-02,314.90,0.41
ITC,2026-03-04,311.95,-0.94
ITC,2026-03-05,311.50,-0.14
ITC,2026-03-06,309.70,-0.58
ITC,2026-03-09,306.00,-1.19
ITC,2026-03-10,309.05,1.00
ITC,2026-03-11,309.00,-0.02
ITC,2026-03-12,304.10,-1.59
ITC,2026-03-13,301.45,-0.87
ITC,2026-03-16,308.25,2.26
ITC,2026-03-17,304.85,-1.10
ITC,2026-03-18,304.05,-0.26
ITC,2026-03-19,298.00,-1.99
ITC,2026-03-20,299.95,0.65
ITC,2026-03-23,290.45,-3.17
ITC,2026-03-24,291.25,0.28
ITC,2026-03-25,295.70,1.53
ITC,2026-03-27,294.70,-0.34
ITC,2026-03-30,287.70,-2.38
MARUTI,2025-09-30,16029.00,NULL
MARUTI,2025-10-01,15965.00,-0.40
MARUTI,2025-10-03,15806.00,-1.00
MARUTI,2025-10-06,15998.00,1.21
MARUTI,2025-10-07,16108.00,0.69
MARUTI,2025-10-08,16012.00,-0.60
MARUTI,2025-10-09,15985.00,-0.17
MARUTI,2025-10-10,16265.00,1.75
MARUTI,2025-10-13,16323.00,0.36
MARUTI,2025-10-14,16261.00,-0.38
MARUTI,2025-10-15,16212.00,-0.30
MARUTI,2025-10-16,16298.00,0.53
MARUTI,2025-10-17,16401.00,0.63
MARUTI,2025-10-20,16424.00,0.14
MARUTI,2025-10-21,16396.00,-0.17
MARUTI,2025-10-23,16393.00,-0.02
MARUTI,2025-10-24,16274.00,-0.73
MARUTI,2025-10-27,16388.00,0.70
MARUTI,2025-10-28,16311.00,-0.47
MARUTI,2025-10-29,16138.00,-1.06
MARUTI,2025-10-30,16206.00,0.42
MARUTI,2025-10-31,16186.00,-0.12
MARUTI,2025-11-03,15651.00,-3.31
MARUTI,2025-11-04,15374.00,-1.77
MARUTI,2025-11-06,15452.00,0.51
MARUTI,2025-11-07,15479.00,0.17
MARUTI,2025-11-10,15583.00,0.67
MARUTI,2025-11-11,15645.00,0.40
MARUTI,2025-11-12,15696.00,0.33
MARUTI,2025-11-13,15749.00,0.34
MARUTI,2025-11-14,15684.00,-0.41
MARUTI,2025-11-17,15878.00,1.24
MARUTI,2025-11-18,15930.00,0.33
MARUTI,2025-11-19,15768.00,-1.02
MARUTI,2025-11-20,15801.00,0.21
MARUTI,2025-11-21,15977.00,1.11
MARUTI,2025-11-24,15958.00,-0.12
MARUTI,2025-11-25,15889.00,-0.43
MARUTI,2025-11-26,16156.00,1.68
MARUTI,2025-11-27,15903.00,-1.57
MARUTI,2025-11-28,15900.00,-0.02
MARUTI,2025-12-01,16097.00,1.24
MARUTI,2025-12-02,16239.00,0.88
MARUTI,2025-12-03,16082.00,-0.97
MARUTI,2025-12-04,15994.00,-0.55
MARUTI,2025-12-05,16282.00,1.80
MARUTI,2025-12-08,16187.00,-0.58
MARUTI,2025-12-09,16020.00,-1.03
MARUTI,2025-12-10,16019.00,-0.01
MARUTI,2025-12-11,16248.00,1.43
MARUTI,2025-12-12,16522.00,1.69
MARUTI,2025-12-15,16415.00,-0.65
MARUTI,2025-12-16,16354.00,-0.37
MARUTI,2025-12-17,16398.00,0.27
MARUTI,2025-12-18,16329.00,-0.42
MARUTI,2025-12-19,16414.00,0.52
MARUTI,2025-12-22,16649.00,1.43
MARUTI,2025-12-23,16585.00,-0.38
MARUTI,2025-12-24,16703.00,0.71
MARUTI,2025-12-26,16596.00,-0.64
MARUTI,2025-12-29,16542.00,-0.33
MARUTI,2025-12-30,16647.00,0.63
MARUTI,2025-12-31,16697.00,0.30
MARUTI,2026-01-01,16708.00,0.07
MARUTI,2026-01-02,16960.00,1.51
MARUTI,2026-01-05,17155.00,1.15
MARUTI,2026-01-06,17292.00,0.80
MARUTI,2026-01-07,16809.00,-2.79
MARUTI,2026-01-08,16664.00,-0.86
MARUTI,2026-01-09,16501.00,-0.98
MARUTI,2026-01-12,16582.00,0.49
MARUTI,2026-01-13,16426.00,-0.94
MARUTI,2026-01-14,16152.00,-1.67
MARUTI,2026-01-16,15859.00,-1.81
MARUTI,2026-01-19,16176.00,2.00
MARUTI,2026-01-20,15879.00,-1.84
MARUTI,2026-01-21,15770.00,-0.69
MARUTI,2026-01-22,15765.00,-0.03
MARUTI,2026-01-23,15469.00,-1.88
MARUTI,2026-01-27,15245.00,-1.45
MARUTI,2026-01-28,14877.00,-2.41
MARUTI,2026-01-29,14502.00,-2.52
MARUTI,2026-01-30,14599.00,0.67
MARUTI,2026-02-01,14199.00,-2.74
MARUTI,2026-02-02,14384.00,1.30
MARUTI,2026-02-03,14782.00,2.77
MARUTI,2026-02-04,15071.00,1.96
MARUTI,2026-02-05,15059.00,-0.08
MARUTI,2026-02-06,14997.00,-0.41
MARUTI,2026-02-09,14978.00,-0.13
MARUTI,2026-02-10,15146.00,1.12
MARUTI,2026-02-11,15412.00,1.76
MARUTI,2026-02-12,15326.00,-0.56
MARUTI,2026-02-13,15237.00,-0.58
MARUTI,2026-02-16,15051.00,-1.22
MARUTI,2026-02-17,15179.00,0.85
MARUTI,2026-02-18,15164.00,-0.10
MARUTI,2026-02-19,14903.00,-1.72
MARUTI,2026-02-20,14977.00,0.50
MARUTI,2026-02-23,15072.00,0.63
MARUTI,2026-02-24,14926.00,-0.97
MARUTI,2026-02-25,15070.00,0.96
MARUTI,2026-02-26,15213.00,0.95
MARUTI,2026-02-27,14857.00,-2.34
MARUTI,2026-03-02,14388.00,-3.16
MARUTI,2026-03-04,14158.00,-1.60
MARUTI,2026-03-05,14415.00,1.82
MARUTI,2026-03-06,14159.00,-1.78
MARUTI,2026-03-09,13508.00,-4.60
MARUTI,2026-03-10,13867.00,2.66
MARUTI,2026-03-11,13497.00,-2.67
MARUTI,2026-03-12,13011.00,-3.60
MARUTI,2026-03-13,12591.00,-3.23
MARUTI,2026-03-16,12757.00,1.32
MARUTI,2026-03-17,12972.00,1.69
MARUTI,2026-03-18,13048.00,0.59
MARUTI,2026-03-19,12599.00,-3.44
MARUTI,2026-03-20,12601.00,0.02
MARUTI,2026-03-23,12355.00,-1.95
MARUTI,2026-03-24,12464.00,0.88
MARUTI,2026-03-25,12711.00,1.98
MARUTI,2026-03-27,12389.00,-2.53
MARUTI,2026-03-30,12306.00,-0.67
ONGC,2025-09-30,240.00,NULL
ONGC,2025-10-01,243.00,1.25
ONGC,2025-10-03,244.00,0.41
ONGC,2025-10-06,246.00,0.82
ONGC,2025-10-07,245.00,-0.41
ONGC,2025-10-08,242.00,-1.22
ONGC,2025-10-09,243.00,0.41
ONGC,2025-10-10,246.00,1.23
ONGC,2025-10-13,244.00,-0.81
ONGC,2025-10-14,245.00,0.41
ONGC,2025-10-15,248.00,1.22
ONGC,2025-10-16,248.00,0.00
ONGC,2025-10-17,248.00,0.00
ONGC,2025-10-20,249.00,0.40
ONGC,2025-10-21,248.00,-0.40
ONGC,2025-10-23,252.00,1.61
ONGC,2025-10-24,255.00,1.19
ONGC,2025-10-27,253.00,-0.78
ONGC,2025-10-28,251.00,-0.79
ONGC,2025-10-29,256.00,1.99
ONGC,2025-10-30,255.00,-0.39
ONGC,2025-10-31,255.00,0.00
ONGC,2025-11-03,258.00,1.18
ONGC,2025-11-04,252.00,-2.33
ONGC,2025-11-06,252.00,0.00
ONGC,2025-11-07,252.00,0.00
ONGC,2025-11-10,251.00,-0.40
ONGC,2025-11-11,249.00,-0.80
ONGC,2025-11-12,254.00,2.01
ONGC,2025-11-13,251.00,-1.18
ONGC,2025-11-14,248.00,-1.20
ONGC,2025-11-17,248.00,0.00
ONGC,2025-11-18,247.00,-0.40
ONGC,2025-11-19,249.00,0.81
ONGC,2025-11-20,248.00,-0.40
ONGC,2025-11-21,247.00,-0.40
ONGC,2025-11-24,246.00,-0.40
ONGC,2025-11-25,245.00,-0.41
ONGC,2025-11-26,248.00,1.22
ONGC,2025-11-27,244.00,-1.61
ONGC,2025-11-28,243.00,-0.41
ONGC,2025-12-01,245.00,0.82
ONGC,2025-12-02,244.00,-0.41
ONGC,2025-12-03,240.00,-1.64
ONGC,2025-12-04,242.00,0.83
ONGC,2025-12-05,241.00,-0.41
ONGC,2025-12-08,239.00,-0.83
ONGC,2025-12-09,240.00,0.42
ONGC,2025-12-10,239.00,-0.42
ONGC,2025-12-11,238.00,-0.42
ONGC,2025-12-12,238.00,0.00
ONGC,2025-12-15,235.00,-1.26
ONGC,2025-12-16,232.00,-1.28
ONGC,2025-12-17,233.00,0.43
ONGC,2025-12-18,232.00,-0.43
ONGC,2025-12-19,233.00,0.43
ONGC,2025-12-22,234.00,0.43
ONGC,2025-12-23,235.00,0.43
ONGC,2025-12-24,234.00,-0.43
ONGC,2025-12-26,235.00,0.43
ONGC,2025-12-29,235.00,0.00
ONGC,2025-12-30,235.00,0.00
ONGC,2025-12-31,240.00,2.13
ONGC,2026-01-01,238.00,-0.83
ONGC,2026-01-02,241.00,1.26
ONGC,2026-01-05,238.00,-1.24
ONGC,2026-01-06,242.00,1.68
ONGC,2026-01-07,239.00,-1.24
ONGC,2026-01-08,231.00,-3.35
ONGC,2026-01-09,234.00,1.30
ONGC,2026-01-12,236.00,0.85
ONGC,2026-01-13,244.00,3.39
ONGC,2026-01-14,248.00,1.64
ONGC,2026-01-16,247.00,-0.40
ONGC,2026-01-19,243.00,-1.62
ONGC,2026-01-20,240.00,-1.23
ONGC,2026-01-21,242.00,0.83
ONGC,2026-01-22,244.00,0.83
ONGC,2026-01-23,245.00,0.41
ONGC,2026-01-27,248.00,1.22
ONGC,2026-01-28,269.00,8.47
ONGC,2026-01-29,275.00,2.23
ONGC,2026-01-30,269.00,-2.18
ONGC,2026-02-01,254.00,-5.58
ONGC,2026-02-02,254.00,0.00
ONGC,2026-02-03,257.00,1.18
ONGC,2026-02-04,267.00,3.89
ONGC,2026-02-05,269.00,0.75
ONGC,2026-02-06,269.00,0.00
ONGC,2026-02-09,267.00,-0.74
ONGC,2026-02-10,272.00,1.87
ONGC,2026-02-11,275.00,1.10
ONGC,2026-02-12,276.00,0.36
ONGC,2026-02-13,267.00,-3.26
ONGC,2026-02-16,272.00,1.87
ONGC,2026-02-17,272.00,0.00
ONGC,2026-02-18,265.00,-2.57
ONGC,2026-02-19,275.00,3.77
ONGC,2026-02-20,279.00,1.45
ONGC,2026-02-23,276.00,-1.08
ONGC,2026-02-24,277.00,0.36
ONGC,2026-02-25,277.00,0.00
ONGC,2026-02-26,280.00,1.08
ONGC,2026-02-27,280.00,0.00
ONGC,2026-03-02,282.00,0.71
ONGC,2026-03-04,277.00,-1.77
ONGC,2026-03-05,276.00,-0.36
ONGC,2026-03-06,279.00,1.09
ONGC,2026-03-09,271.00,-2.87
ONGC,2026-03-10,269.00,-0.74
ONGC,2026-03-11,271.00,0.74
ONGC,2026-03-12,271.00,0.00
ONGC,2026-03-13,264.00,-2.58
ONGC,2026-03-16,260.00,-1.52
ONGC,2026-03-17,265.00,1.92
ONGC,2026-03-18,265.00,0.00
ONGC,2026-03-19,269.00,1.51
ONGC,2026-03-20,265.00,-1.49
ONGC,2026-03-23,265.00,0.00
ONGC,2026-03-24,268.00,1.13
ONGC,2026-03-25,270.00,0.75
ONGC,2026-03-27,282.00,4.44
ONGC,2026-03-30,285.00,1.06
RELIANCE,2025-09-30,1364.00,NULL
RELIANCE,2025-10-01,1369.00,0.37
RELIANCE,2025-10-03,1363.00,-0.44
RELIANCE,2025-10-06,1375.00,0.88
RELIANCE,2025-10-07,1385.00,0.73
RELIANCE,2025-10-08,1367.00,-1.30
RELIANCE,2025-10-09,1378.00,0.80
RELIANCE,2025-10-10,1382.00,0.29
RELIANCE,2025-10-13,1375.00,-0.51
RELIANCE,2025-10-14,1376.00,0.07
RELIANCE,2025-10-15,1374.00,-0.15
RELIANCE,2025-10-16,1398.00,1.75
RELIANCE,2025-10-17,1417.00,1.36
RELIANCE,2025-10-20,1467.00,3.53
RELIANCE,2025-10-21,1465.00,-0.14
RELIANCE,2025-10-23,1448.00,-1.16
RELIANCE,2025-10-24,1452.00,0.28
RELIANCE,2025-10-27,1484.00,2.20
RELIANCE,2025-10-28,1487.00,0.20
RELIANCE,2025-10-29,1504.00,1.14
RELIANCE,2025-10-30,1489.00,-1.00
RELIANCE,2025-10-31,1486.00,-0.20
RELIANCE,2025-11-03,1485.00,-0.07
RELIANCE,2025-11-04,1473.00,-0.81
RELIANCE,2025-11-06,1496.00,1.56
RELIANCE,2025-11-07,1478.00,-1.20
RELIANCE,2025-11-10,1489.00,0.74
RELIANCE,2025-11-11,1493.00,0.27
RELIANCE,2025-11-12,1512.00,1.27
RELIANCE,2025-11-13,1511.00,-0.07
RELIANCE,2025-11-14,1519.00,0.53
RELIANCE,2025-11-17,1518.00,-0.07
RELIANCE,2025-11-18,1519.00,0.07
RELIANCE,2025-11-19,1519.00,0.00
RELIANCE,2025-11-20,1549.00,1.97
RELIANCE,2025-11-21,1547.00,-0.13
RELIANCE,2025-11-24,1536.00,-0.71
RELIANCE,2025-11-25,1540.00,0.26
RELIANCE,2025-11-26,1570.00,1.95
RELIANCE,2025-11-27,1563.00,-0.45
RELIANCE,2025-11-28,1568.00,0.32
RELIANCE,2025-12-01,1566.00,-0.13
RELIANCE,2025-12-02,1546.00,-1.28
RELIANCE,2025-12-03,1539.00,-0.45
RELIANCE,2025-12-04,1536.00,-0.19
RELIANCE,2025-12-05,1541.00,0.33
RELIANCE,2025-12-08,1543.00,0.13
RELIANCE,2025-12-09,1529.00,-0.91
RELIANCE,2025-12-10,1537.00,0.52
RELIANCE,2025-12-11,1545.00,0.52
RELIANCE,2025-12-12,1557.00,0.78
RELIANCE,2025-12-15,1556.00,-0.06
RELIANCE,2025-12-16,1542.00,-0.90
RELIANCE,2025-12-17,1544.00,0.13
RELIANCE,2025-12-18,1544.00,0.00
RELIANCE,2025-12-19,1565.00,1.36
RELIANCE,2025-12-22,1575.00,0.64
RELIANCE,2025-12-23,1571.00,-0.25
RELIANCE,2025-12-24,1558.00,-0.83
RELIANCE,2025-12-26,1559.00,0.06
RELIANCE,2025-12-29,1546.00,-0.83
RELIANCE,2025-12-30,1540.00,-0.39
RELIANCE,2025-12-31,1570.00,1.95
RELIANCE,2026-01-01,1576.00,0.38
RELIANCE,2026-01-02,1592.00,1.02
RELIANCE,2026-01-05,1578.00,-0.88
RELIANCE,2026-01-06,1508.00,-4.44
RELIANCE,2026-01-07,1504.00,-0.27
RELIANCE,2026-01-08,1471.00,-2.19
RELIANCE,2026-01-09,1475.00,0.27
RELIANCE,2026-01-12,1483.00,0.54
RELIANCE,2026-01-13,1453.00,-2.02
RELIANCE,2026-01-14,1459.00,0.41
RELIANCE,2026-01-16,1458.00,-0.07
RELIANCE,2026-01-19,1414.00,-3.02
RELIANCE,2026-01-20,1394.00,-1.41
RELIANCE,2026-01-21,1405.00,0.79
RELIANCE,2026-01-22,1403.00,-0.14
RELIANCE,2026-01-23,1386.00,-1.21
RELIANCE,2026-01-27,1381.00,-0.36
RELIANCE,2026-01-28,1397.00,1.16
RELIANCE,2026-01-29,1391.00,-0.43
RELIANCE,2026-01-30,1395.00,0.29
RELIANCE,2026-02-01,1347.00,-3.44
RELIANCE,2026-02-02,1390.00,3.19
RELIANCE,2026-02-03,1437.00,3.38
RELIANCE,2026-02-04,1457.00,1.39
RELIANCE,2026-02-05,1443.00,-0.96
RELIANCE,2026-02-06,1451.00,0.55
RELIANCE,2026-02-09,1462.00,0.76
RELIANCE,2026-02-10,1459.00,-0.21
RELIANCE,2026-02-11,1469.00,0.69
RELIANCE,2026-02-12,1449.00,-1.36
RELIANCE,2026-02-13,1420.00,-2.00
RELIANCE,2026-02-16,1437.00,1.20
RELIANCE,2026-02-17,1423.00,-0.97
RELIANCE,2026-02-18,1441.00,1.26
RELIANCE,2026-02-19,1410.00,-2.15
RELIANCE,2026-02-20,1419.00,0.64
RELIANCE,2026-02-23,1428.00,0.63
RELIANCE,2026-02-24,1429.00,0.07
RELIANCE,2026-02-25,1399.00,-2.10
RELIANCE,2026-02-26,1407.00,0.57
RELIANCE,2026-02-27,1394.00,-0.92
RELIANCE,2026-03-02,1358.00,-2.58
RELIANCE,2026-03-04,1345.00,-0.96
RELIANCE,2026-03-05,1389.00,3.27
RELIANCE,2026-03-06,1405.00,1.15
RELIANCE,2026-03-09,1424.00,1.35
RELIANCE,2026-03-10,1409.00,-1.05
RELIANCE,2026-03-11,1390.00,-1.35
RELIANCE,2026-03-12,1392.00,0.14
RELIANCE,2026-03-13,1381.00,-0.79
RELIANCE,2026-03-16,1395.00,1.01
RELIANCE,2026-03-17,1398.00,0.22
RELIANCE,2026-03-18,1408.00,0.72
RELIANCE,2026-03-19,1385.00,-1.63
RELIANCE,2026-03-20,1414.00,2.09
RELIANCE,2026-03-23,1408.00,-0.42
RELIANCE,2026-03-24,1412.00,0.28
RELIANCE,2026-03-25,1413.00,0.07
RELIANCE,2026-03-27,1348.00,-4.60
RELIANCE,2026-03-30,1344.00,-0.30
SBIN,2025-09-30,872.00,NULL
SBIN,2025-10-01,864.00,-0.92
SBIN,2025-10-03,867.00,0.35
SBIN,2025-10-06,874.00,0.81
SBIN,2025-10-07,865.00,-1.03
SBIN,2025-10-08,858.00,-0.81
SBIN,2025-10-09,862.00,0.47
SBIN,2025-10-10,881.00,2.20
SBIN,2025-10-13,883.00,0.23
SBIN,2025-10-14,877.00,-0.68
SBIN,2025-10-15,886.00,1.03
SBIN,2025-10-16,887.00,0.11
SBIN,2025-10-17,889.00,0.23
SBIN,2025-10-20,908.00,2.14
SBIN,2025-10-21,908.00,0.00
SBIN,2025-10-23,912.00,0.44
SBIN,2025-10-24,905.00,-0.77
SBIN,2025-10-27,923.00,1.99
SBIN,2025-10-28,930.00,0.76
SBIN,2025-10-29,940.00,1.08
SBIN,2025-10-30,934.00,-0.64
SBIN,2025-10-31,937.00,0.32
SBIN,2025-11-03,950.00,1.39
SBIN,2025-11-04,958.00,0.84
SBIN,2025-11-06,961.00,0.31
SBIN,2025-11-07,956.00,-0.52
SBIN,2025-11-10,951.00,-0.52
SBIN,2025-11-11,953.00,0.21
SBIN,2025-11-12,957.00,0.42
SBIN,2025-11-13,954.00,-0.31
SBIN,2025-11-14,968.00,1.47
SBIN,2025-11-17,973.00,0.52
SBIN,2025-11-18,972.00,-0.10
SBIN,2025-11-19,983.00,1.13
SBIN,2025-11-20,982.00,-0.10
SBIN,2025-11-21,973.00,-0.92
SBIN,2025-11-24,971.00,-0.21
SBIN,2025-11-25,984.00,1.34
SBIN,2025-11-26,984.00,0.00
SBIN,2025-11-27,973.00,-1.12
SBIN,2025-11-28,979.00,0.62
SBIN,2025-12-01,973.00,-0.61
SBIN,2025-12-02,967.00,-0.62
SBIN,2025-12-03,951.00,-1.65
SBIN,2025-12-04,948.00,-0.32
SBIN,2025-12-05,972.00,2.53
SBIN,2025-12-08,956.00,-1.65
SBIN,2025-12-09,959.00,0.31
SBIN,2025-12-10,960.00,0.10
SBIN,2025-12-11,963.00,0.31
SBIN,2025-12-12,963.00,0.00
SBIN,2025-12-15,967.00,0.42
SBIN,2025-12-16,961.00,-0.62
SBIN,2025-12-17,976.00,1.56
SBIN,2025-12-18,978.00,0.20
SBIN,2025-12-19,980.00,0.20
SBIN,2025-12-22,974.00,-0.61
SBIN,2025-12-23,972.00,-0.21
SBIN,2025-12-24,969.00,-0.31
SBIN,2025-12-26,966.00,-0.31
SBIN,2025-12-29,965.00,-0.10
SBIN,2025-12-30,973.00,0.83
SBIN,2025-12-31,982.00,0.92
SBIN,2026-01-01,985.00,0.31
SBIN,2026-01-02,999.00,1.42
SBIN,2026-01-05,1006.00,0.70
SBIN,2026-01-06,1019.00,1.29
SBIN,2026-01-07,1007.00,-1.18
SBIN,2026-01-08,998.00,-0.89
SBIN,2026-01-09,1001.00,0.30
SBIN,2026-01-12,1015.00,1.40
SBIN,2026-01-13,1028.00,1.28
SBIN,2026-01-14,1028.00,0.00
SBIN,2026-01-16,1042.00,1.36
SBIN,2026-01-19,1038.00,-0.38
SBIN,2026-01-20,1036.00,-0.19
SBIN,2026-01-21,1029.00,-0.68
SBIN,2026-01-22,1048.00,1.85
SBIN,2026-01-23,1030.00,-1.72
SBIN,2026-01-27,1053.00,2.23
SBIN,2026-01-28,1064.00,1.04
SBIN,2026-01-29,1066.00,0.19
SBIN,2026-01-30,1077.00,1.03
SBIN,2026-02-01,1018.00,-5.48
SBIN,2026-02-02,1029.00,1.08
SBIN,2026-02-03,1064.00,3.40
SBIN,2026-02-04,1068.00,0.38
SBIN,2026-02-05,1074.00,0.56
SBIN,2026-02-06,1066.00,-0.74
SBIN,2026-02-09,1146.00,7.50
SBIN,2026-02-10,1144.00,-0.17
SBIN,2026-02-11,1183.00,3.41
SBIN,2026-02-12,1192.00,0.76
SBIN,2026-02-13,1199.00,0.59
SBIN,2026-02-16,1208.00,0.75
SBIN,2026-02-17,1213.00,0.41
SBIN,2026-02-18,1219.00,0.49
SBIN,2026-02-19,1206.00,-1.07
SBIN,2026-02-20,1216.00,0.83
SBIN,2026-02-23,1228.00,0.99
SBIN,2026-02-24,1223.00,-0.41
SBIN,2026-02-25,1200.00,-1.88
SBIN,2026-02-26,1210.00,0.83
SBIN,2026-02-27,1202.00,-0.66
SBIN,2026-03-02,1190.00,-1.00
SBIN,2026-03-04,1175.00,-1.26
SBIN,2026-03-05,1170.00,-0.43
SBIN,2026-03-06,1143.00,-2.31
SBIN,2026-03-09,1099.00,-3.85
SBIN,2026-03-10,1112.00,1.18
SBIN,2026-03-11,1091.00,-1.89
SBIN,2026-03-12,1085.00,-0.55
SBIN,2026-03-13,1047.00,-3.50
SBIN,2026-03-16,1067.00,1.91
SBIN,2026-03-17,1065.00,-0.19
SBIN,2026-03-18,1070.00,0.47
SBIN,2026-03-19,1049.00,-1.96
SBIN,2026-03-20,1058.00,0.86
SBIN,2026-03-23,1032.00,-2.46
SBIN,2026-03-24,1031.00,-0.10
SBIN,2026-03-25,1061.00,2.91
SBIN,2026-03-27,1020.00,-3.86
SBIN,2026-03-30,979.00,-4.02
TCS,2025-09-30,2888.00,NULL
TCS,2025-10-01,2914.00,0.90
TCS,2025-10-03,2902.00,-0.41
TCS,2025-10-06,2988.00,2.96
TCS,2025-10-07,2974.00,-0.47
TCS,2025-10-08,3027.00,1.78
TCS,2025-10-09,3062.00,1.16
TCS,2025-10-10,3028.00,-1.11
TCS,2025-10-13,3007.00,-0.69
TCS,2025-10-14,2960.00,-1.56
TCS,2025-10-15,2970.00,0.34
TCS,2025-10-16,2971.00,0.03
TCS,2025-10-17,2962.00,-0.30
TCS,2025-10-20,3015.00,1.79
TCS,2025-10-21,3007.00,-0.27
TCS,2025-10-23,3073.00,2.19
TCS,2025-10-24,3063.00,-0.33
TCS,2025-10-27,3085.00,0.72
TCS,2025-10-28,3058.00,-0.88
TCS,2025-10-29,3058.00,0.00
TCS,2025-10-30,3035.00,-0.75
TCS,2025-10-31,3058.00,0.76
TCS,2025-11-03,3017.00,-1.34
TCS,2025-11-04,2990.00,-0.89
TCS,2025-11-06,3011.00,0.70
TCS,2025-11-07,2992.00,-0.63
TCS,2025-11-10,3025.00,1.10
TCS,2025-11-11,3047.00,0.73
TCS,2025-11-12,3132.00,2.79
TCS,2025-11-13,3106.00,-0.83
TCS,2025-11-14,3106.00,0.00
TCS,2025-11-17,3102.00,-0.13
TCS,2025-11-18,3087.00,-0.48
TCS,2025-11-19,3148.00,1.98
TCS,2025-11-20,3145.00,-0.10
TCS,2025-11-21,3151.00,0.19
TCS,2025-11-24,3141.00,-0.32
TCS,2025-11-25,3119.00,-0.70
TCS,2025-11-26,3163.00,1.41
TCS,2025-11-27,3137.00,-0.82
TCS,2025-11-28,3138.00,0.03
TCS,2025-12-01,3133.00,-0.16
TCS,2025-12-02,3136.00,0.10
TCS,2025-12-03,3180.00,1.40
TCS,2025-12-04,3229.00,1.54
TCS,2025-12-05,3238.00,0.28
TCS,2025-12-08,3237.00,-0.03
TCS,2025-12-09,3208.00,-0.90
TCS,2025-12-10,3189.00,-0.59
TCS,2025-12-11,3192.00,0.09
TCS,2025-12-12,3221.00,0.91
TCS,2025-12-15,3230.00,0.28
TCS,2025-12-16,3205.00,-0.77
TCS,2025-12-17,3218.00,0.41
TCS,2025-12-18,3281.00,1.96
TCS,2025-12-19,3282.00,0.03
TCS,2025-12-22,3325.00,1.31
TCS,2025-12-23,3310.00,-0.45
TCS,2025-12-24,3319.00,0.27
TCS,2025-12-26,3280.00,-1.18
TCS,2025-12-29,3252.00,-0.85
TCS,2025-12-30,3247.00,-0.15
TCS,2025-12-31,3206.00,-1.26
TCS,2026-01-01,3227.00,0.66
TCS,2026-01-02,3251.00,0.74
TCS,2026-01-05,3216.00,-1.08
TCS,2026-01-06,3256.00,1.24
TCS,2026-01-07,3296.00,1.23
TCS,2026-01-08,3204.00,-2.79
TCS,2026-01-09,3162.00,-1.31
TCS,2026-01-12,3193.00,0.98
TCS,2026-01-13,3221.00,0.88
TCS,2026-01-14,3147.00,-2.30
TCS,2026-01-16,3207.00,1.91
TCS,2026-01-19,3164.00,-1.34
TCS,2026-01-20,3102.00,-1.96
TCS,2026-01-21,3123.00,0.68
TCS,2026-01-22,3150.00,0.86
TCS,2026-01-23,3163.00,0.41
TCS,2026-01-27,3158.00,-0.16
TCS,2026-01-28,3200.00,1.33
TCS,2026-01-29,3144.00,-1.75
TCS,2026-01-30,3124.00,-0.64
TCS,2026-02-01,3187.00,2.02
TCS,2026-02-02,3170.00,-0.53
TCS,2026-02-03,3225.00,1.74
TCS,2026-02-04,2999.00,-7.01
TCS,2026-02-05,2992.00,-0.23
TCS,2026-02-06,2942.00,-1.67
TCS,2026-02-09,2948.00,0.20
TCS,2026-02-10,2985.00,1.26
TCS,2026-02-11,2910.00,-2.51
TCS,2026-02-12,2750.00,-5.50
TCS,2026-02-13,2692.00,-2.11
TCS,2026-02-16,2707.00,0.56
TCS,2026-02-17,2717.00,0.37
TCS,2026-02-18,2695.00,-0.81
TCS,2026-02-19,2678.00,-0.63
TCS,2026-02-20,2686.00,0.30
TCS,2026-02-23,2676.00,-0.37
TCS,2026-02-24,2574.00,-3.81
TCS,2026-02-25,2629.00,2.14
TCS,2026-02-26,2648.00,0.72
TCS,2026-02-27,2637.00,-0.42
TCS,2026-03-02,2614.00,-0.87
TCS,2026-03-04,2588.00,-0.99
TCS,2026-03-05,2579.00,-0.35
TCS,2026-03-06,2558.00,-0.81
TCS,2026-03-09,2527.00,-1.21
TCS,2026-03-10,2513.00,-0.55
TCS,2026-03-11,2465.00,-1.91
TCS,2026-03-12,2442.00,-0.93
TCS,2026-03-13,2411.00,-1.27
TCS,2026-03-16,2409.00,-0.08
TCS,2026-03-17,2392.00,-0.71
TCS,2026-03-18,2441.00,2.05
TCS,2026-03-19,2356.00,-3.48
TCS,2026-03-20,2391.00,1.49
TCS,2026-03-23,2384.00,-0.29
TCS,2026-03-24,2399.00,0.63
TCS,2026-03-25,2377.00,-0.92
TCS,2026-03-27,2390.00,0.55
TCS,2026-03-30,2359.00,-1.30
WIPRO,2025-09-30,239.00,NULL
WIPRO,2025-10-01,241.00,0.84
WIPRO,2025-10-03,241.00,0.00
WIPRO,2025-10-06,242.00,0.41
WIPRO,2025-10-07,244.00,0.83
WIPRO,2025-10-08,244.00,0.00
WIPRO,2025-10-09,246.00,0.82
WIPRO,2025-10-10,249.00,1.22
WIPRO,2025-10-13,245.00,-1.61
WIPRO,2025-10-14,248.00,1.22
WIPRO,2025-10-15,250.00,0.81
WIPRO,2025-10-16,254.00,1.60
WIPRO,2025-10-17,241.00,-5.12
WIPRO,2025-10-20,241.00,0.00
WIPRO,2025-10-21,241.00,0.00
WIPRO,2025-10-23,244.00,1.24
WIPRO,2025-10-24,243.00,-0.41
WIPRO,2025-10-27,244.00,0.41
WIPRO,2025-10-28,242.00,-0.82
WIPRO,2025-10-29,242.00,0.00
WIPRO,2025-10-30,242.00,0.00
WIPRO,2025-10-31,241.00,-0.41
WIPRO,2025-11-03,241.00,0.00
WIPRO,2025-11-04,238.00,-1.24
WIPRO,2025-11-06,240.00,0.84
WIPRO,2025-11-07,236.00,-1.67
WIPRO,2025-11-10,240.00,1.69
WIPRO,2025-11-11,242.00,0.83
WIPRO,2025-11-12,245.00,1.24
WIPRO,2025-11-13,245.00,0.00
WIPRO,2025-11-14,244.00,-0.41
WIPRO,2025-11-17,244.00,0.00
WIPRO,2025-11-18,241.00,-1.23
WIPRO,2025-11-19,246.00,2.07
WIPRO,2025-11-20,246.00,0.00
WIPRO,2025-11-21,244.00,-0.81
WIPRO,2025-11-24,247.00,1.23
WIPRO,2025-11-25,246.00,-0.40
WIPRO,2025-11-26,250.00,1.63
WIPRO,2025-11-27,250.00,0.00
WIPRO,2025-11-28,250.00,0.00
WIPRO,2025-12-01,250.00,0.00
WIPRO,2025-12-02,250.00,0.00
WIPRO,2025-12-03,255.00,2.00
WIPRO,2025-12-04,257.00,0.78
WIPRO,2025-12-05,260.00,1.17
WIPRO,2025-12-08,261.00,0.38
WIPRO,2025-12-09,257.00,-1.53
WIPRO,2025-12-10,258.00,0.39
WIPRO,2025-12-11,259.00,0.39
WIPRO,2025-12-12,261.00,0.77
WIPRO,2025-12-15,262.00,0.38
WIPRO,2025-12-16,259.00,-1.15
WIPRO,2025-12-17,261.00,0.77
WIPRO,2025-12-18,264.00,1.15
WIPRO,2025-12-19,264.00,0.00
WIPRO,2025-12-22,273.00,3.41
WIPRO,2025-12-23,271.00,-0.73
WIPRO,2025-12-24,268.00,-1.11
WIPRO,2025-12-26,266.00,-0.75
WIPRO,2025-12-29,264.00,-0.75
WIPRO,2025-12-30,264.00,0.00
WIPRO,2025-12-31,263.00,-0.38
WIPRO,2026-01-01,267.00,1.52
WIPRO,2026-01-02,269.00,0.75
WIPRO,2026-01-05,263.00,-2.23
WIPRO,2026-01-06,266.00,1.14
WIPRO,2026-01-07,271.00,1.88
WIPRO,2026-01-08,262.00,-3.32
WIPRO,2026-01-09,262.00,0.00
WIPRO,2026-01-12,263.00,0.38
WIPRO,2026-01-13,264.00,0.38
WIPRO,2026-01-14,260.00,-1.52
WIPRO,2026-01-16,267.00,2.69
WIPRO,2026-01-19,246.00,-7.87
WIPRO,2026-01-20,240.00,-2.44
WIPRO,2026-01-21,240.00,0.00
WIPRO,2026-01-22,241.00,0.42
WIPRO,2026-01-23,238.00,-1.24
WIPRO,2026-01-27,235.00,-1.26
WIPRO,2026-01-28,237.00,0.85
WIPRO,2026-01-29,240.00,1.27
WIPRO,2026-01-30,237.00,-1.25
WIPRO,2026-02-01,242.00,2.11
WIPRO,2026-02-02,242.00,0.00
WIPRO,2026-02-03,243.00,0.41
WIPRO,2026-02-04,233.00,-4.12
WIPRO,2026-02-05,233.00,0.00
WIPRO,2026-02-06,231.00,-0.86
WIPRO,2026-02-09,230.00,-0.43
WIPRO,2026-02-10,231.00,0.43
WIPRO,2026-02-11,230.00,-0.43
WIPRO,2026-02-12,219.00,-4.78
WIPRO,2026-02-13,214.00,-2.28
WIPRO,2026-02-16,213.00,-0.47
WIPRO,2026-02-17,216.00,1.41
WIPRO,2026-02-18,212.00,-1.85
WIPRO,2026-02-19,211.00,-0.47
WIPRO,2026-02-20,210.00,-0.47
WIPRO,2026-02-23,206.00,-1.90
WIPRO,2026-02-24,200.00,-2.91
WIPRO,2026-02-25,202.00,1.00
WIPRO,2026-02-26,201.00,-0.50
WIPRO,2026-02-27,201.00,0.00
WIPRO,2026-03-02,199.00,-1.00
WIPRO,2026-03-04,196.00,-1.51
WIPRO,2026-03-05,196.00,0.00
WIPRO,2026-03-06,195.00,-0.51
WIPRO,2026-03-09,199.00,2.05
WIPRO,2026-03-10,201.00,1.01
WIPRO,2026-03-11,202.00,0.50
WIPRO,2026-03-12,203.00,0.50
WIPRO,2026-03-13,198.00,-2.46
WIPRO,2026-03-16,195.00,-1.52
WIPRO,2026-03-17,191.00,-2.05
WIPRO,2026-03-18,194.00,1.57
WIPRO,2026-03-19,188.00,-3.09
WIPRO,2026-03-20,191.00,1.60
WIPRO,2026-03-23,188.00,-1.57
WIPRO,2026-03-24,189.00,0.53
WIPRO,2026-03-25,189.00,0.00
WIPRO,2026-03-27,192.00,1.59
WIPRO,2026-03-30,188.00,-2.08
